subscription_id,customer_id,action,reason,error,contract_start_date,contract_end_date,contract_term_years,inspection_fee_start_date,inspection_fee_end_date,inspection_fee_years,inspection_fee_status,billing_rule_version
sub_1TqYIUE2kujhweZx6UmAf2ZE,cus_UqElbX5rsYSfwY,metadata_updated,,,2026-07-07,2076-07-07,50,2026-07-07,2029-07-07,3,active,1
sub_1TqY58E2kujhweZxemyjqeqN,cus_UqEYxkHhGHQAFs,metadata_updated,,,2026-07-07,2076-07-07,50,2026-07-07,2029-07-07,3,active,1
sub_1TgUVnE2kujhweZxbWmSqmZ6,cus_UfqC7GkPLuoLue,metadata_updated,,,2026-06-09,2076-06-09,50,2026-06-09,2029-06-09,3,active,1
sub_1TgSSmE2kujhweZx0omYjE9V,cus_Ufo3f662KEk9vy,metadata_updated,,,2026-06-09,2076-06-09,50,2026-06-09,2029-06-09,3,active,1
sub_1TgRmtE2kujhweZxH0ak7I7c,cus_UfnNlu2CK38zxo,metadata_updated,,,2026-06-09,2076-06-09,50,2026-06-09,2029-06-09,3,active,1
sub_1TgR5rE2kujhweZxc3IpXDaB,cus_Ufmfy38ySmL4qV,metadata_updated,,,2026-06-09,2076-06-09,50,2026-06-09,2029-06-09,3,active,1
sub_1TgQycE2kujhweZxiSDqLZ7d,cus_UfmXOfNLyvqNED,metadata_updated,,,2026-06-09,2076-06-09,50,2026-06-09,2029-06-09,3,active,1
sub_1TgQsIE2kujhweZxrVKdu2pA,cus_UfmQZ3A9lnBMiX,metadata_updated,,,2026-06-09,2076-06-09,50,2026-06-09,2029-06-09,3,active,1
sub_1TgQgqE2kujhweZxZNGzQWWk,cus_UfmEkXJGLjTlUM,metadata_updated,,,2026-06-09,2076-06-09,50,2026-06-09,2029-06-09,3,active,1
sub_1TgQ2AE2kujhweZxQ4ENWBEZ,cus_UflZpdhBbU40SI,metadata_updated,,,2026-06-09,2076-06-09,50,2026-06-09,2029-06-09,3,active,1
sub_1TgPtqE2kujhweZxojdhDtQ0,cus_UflQ09lyQ7BM2m,metadata_updated,,,2026-06-09,2076-06-09,50,2026-06-09,2029-06-09,3,active,1
sub_1Tf0mbE2kujhweZxBkklcyWP,cus_UeJPzA3VbtKL9y,metadata_updated,,,2026-06-05,2076-06-05,50,2026-06-05,2029-06-05,3,active,1
sub_1Tf0g6E2kujhweZxUgJTEjKg,cus_UeJIxHxj2FXlc8,metadata_updated,,,2026-06-05,2076-06-05,50,2026-06-05,2029-06-05,3,active,1
sub_1Tf0OZE2kujhweZxhRcHPnZE,cus_UeJ0sq2owRo6dd,metadata_updated,,,2026-06-05,2076-06-05,50,2026-06-05,2029-06-05,3,active,1
sub_1Tf08qE2kujhweZxg1Yz74NM,cus_UeIkzZoxc5BELd,metadata_updated,,,2026-06-05,2076-06-05,50,2026-06-05,2029-06-05,3,active,1
sub_1TezyhE2kujhweZxV86zzj0i,cus_UeIZ0SwN62XnyV,metadata_updated,,,2026-06-05,2076-06-05,50,2026-06-05,2029-06-05,3,active,1
sub_1TezkpE2kujhweZx2T0MXmGH,cus_UeILyiRqnGC9Mi,metadata_updated,,,2026-06-05,2076-06-05,50,2026-06-05,2029-06-05,3,active,1
sub_1Tey5wE2kujhweZxJHzFWAUQ,cus_UeGctl1iPY011Y,metadata_updated,,,2026-06-05,2076-06-05,50,2026-06-05,2029-06-05,3,active,1
sub_1TexuhE2kujhweZx3ALYf76C,cus_UeGRodfO0LnigF,metadata_updated,,,2026-06-05,2076-06-05,50,2026-06-05,2029-06-05,3,active,1
sub_1TexnZE2kujhweZxHAVd30UB,cus_UeGK1xSB51hYJp,metadata_updated,,,2026-06-05,2076-06-05,50,2026-06-05,2029-06-05,3,active,1
sub_1TexQIE2kujhweZxKCBgJYUf,cus_UeFwR5skAIThOZ,metadata_updated,,,2026-06-05,2076-06-05,50,2026-06-05,2029-06-05,3,active,1
sub_1Tex7lE2kujhweZxd3Cx9Gav,cus_UeFcRmTvqgTC6E,metadata_updated,,,2026-06-05,2076-06-05,50,2026-06-05,2029-06-05,3,active,1
sub_1TewrgE2kujhweZx3gv0M1r8,cus_UeFMyy0yGxIC3r,metadata_updated,,,2026-06-05,2076-06-05,50,2026-06-05,2029-06-05,3,active,1
sub_1TTn7zE2kujhweZxmbSnfsCA,cus_USiYqIBaFkHvPQ,metadata_updated,,,2026-05-05,2076-05-05,50,2026-05-05,2029-05-05,3,active,1
sub_1TTmzQE2kujhweZx8Lb8yR7Q,cus_USiQD9LO82Foy1,metadata_updated,,,2026-05-05,2076-05-05,50,2026-05-05,2029-05-05,3,active,1
sub_1TTmraE2kujhweZx6eh2OUTM,cus_USiHeVxUVXQycP,metadata_updated,,,2026-05-05,2076-05-05,50,2026-05-05,2029-05-05,3,active,1
sub_1TTmmSE2kujhweZxLn7oxX5H,cus_USiCERRBbD3Tdg,metadata_updated,,,2026-05-05,2076-05-05,50,2026-05-05,2029-05-05,3,active,1
sub_1TTmhaE2kujhweZxSLp7TjSH,cus_USi76sdJ1UVgsm,metadata_updated,,,2026-05-05,2076-05-05,50,2026-05-05,2029-05-05,3,active,1
sub_1TThTGE2kujhweZxfCCbTfTB,cus_UScitaCk28EshL,metadata_updated,,,2026-05-05,2076-05-05,50,2026-05-05,2029-05-05,3,active,1
sub_1TThLQE2kujhweZxBGs9Qoij,cus_UScYE3CARaR1vk,metadata_updated,,,2026-05-05,2076-05-05,50,2026-05-05,2029-05-05,3,active,1
sub_1TThC8E2kujhweZxdSqudiUU,cus_UScQ8ed5np1RVK,metadata_updated,,,2026-05-05,2076-05-05,50,2026-05-05,2029-05-05,3,active,1
sub_1TTQsyE2kujhweZxSzWNUD8s,cus_USLZo2T8Mt452c,metadata_updated,,,2026-05-04,2076-05-04,50,2026-05-04,2029-05-04,3,active,1
sub_1TTQowE2kujhweZxGLTa4ils,cus_USLVz6JeOtlNho,metadata_updated,,,2026-05-04,2076-05-04,50,2026-05-04,2029-05-04,3,active,1
sub_1TTQi6E2kujhweZxBZ6MnM4A,cus_USLOqmA4XaqTa8,metadata_updated,,,2026-05-04,2076-05-04,50,2026-05-04,2029-05-04,3,active,1
sub_1TTQWoE2kujhweZx0NtbzPat,cus_USLDwIDJbO19rs,metadata_updated,,,2026-05-04,2076-05-04,50,2026-05-04,2029-05-04,3,active,1
sub_1TTQQyE2kujhweZxtoPHxD9O,cus_USL71BSD7ayXnj,metadata_updated,,,2026-05-04,2076-05-04,50,2026-05-04,2029-05-04,3,active,1
sub_1TTQIfE2kujhweZx2evxs9w9,cus_USKy2pNentbuFy,metadata_updated,,,2026-05-04,2076-05-04,50,2026-05-04,2029-05-04,3,active,1
sub_1TTQ9nE2kujhweZxApExWUm4,cus_USKp8nfhnqRv7C,metadata_updated,,,2026-05-04,2076-05-04,50,2026-05-04,2029-05-04,3,active,1
sub_1TTQ3uE2kujhweZxpi2ZQmB9,cus_USKjnGPZe1qMfq,metadata_updated,,,2026-05-04,2076-05-04,50,2026-05-04,2029-05-04,3,active,1
sub_1TTPORE2kujhweZxaU1R3gIU,cus_R2dcfQkRlDccAH,metadata_updated,,,2024-10-16,2074-10-16,50,2024-10-16,2027-10-16,3,active,1
sub_1TREdPE2kujhweZxnijkjU2G,cus_SIeRTDfvxE7yMR,metadata_updated,,,2025-05-12,2075-05-12,50,2025-05-12,2028-05-12,3,active,1
sub_1TQpeIE2kujhweZxWynJGFwN,cus_SLethGoBn9Bmko,metadata_updated,,,2025-05-20,2075-05-20,50,2025-05-20,2028-05-20,3,active,1
sub_1TJc2IE2kujhweZxbUxHZJZO,cus_UICROQlL3tp3i9,metadata_updated,,,2026-04-07,2076-04-07,50,2026-04-07,2029-04-07,3,active,1
sub_1TJG2LE2kujhweZxRbeXO5zP,cus_UHphFqEBWhrEK7,metadata_updated,,,2026-04-06,2076-04-06,50,2026-04-06,2029-04-06,3,active,1
sub_1TJFtdE2kujhweZxdBPO60WI,cus_UHpY0fheLPJfVg,metadata_updated,,,2026-04-06,2076-04-06,50,2026-04-06,2029-04-06,3,active,1
sub_1TJFgKE2kujhweZxUB5IVASp,cus_UHpKEl3wGCxKiB,metadata_updated,,,2026-04-06,2076-04-06,50,2026-04-06,2029-04-06,3,active,1
sub_1TJFLeE2kujhweZxn3YWF5by,cus_UHozEVl4CHzIn5,metadata_updated,,,2026-04-06,2076-04-06,50,2026-04-06,2029-04-06,3,active,1
sub_1THT3BE2kujhweZxmG1fUnwE,cus_UFyzDrjrZhlFd0,metadata_updated,,,2026-04-01,2076-04-01,50,2026-04-01,2029-04-01,3,active,1
sub_1THSv0E2kujhweZxBtf4LH9I,cus_UFyshW0jgXwq4n,metadata_updated,,,2026-04-01,2076-04-01,50,2026-04-01,2029-04-01,3,active,1
sub_1THSg9E2kujhweZxewKxJlJx,cus_UFybP5ASPM3jIj,metadata_updated,,,2026-04-01,2076-04-01,50,2026-04-01,2029-04-01,3,active,1
sub_1THSSSE2kujhweZxUBGhWxBh,cus_UFyO7V9rAB9RW8,metadata_updated,,,2026-04-01,2076-04-01,50,2026-04-01,2029-04-01,3,active,1
sub_1T7MpmE2kujhweZxf13at00q,cus_U5Xvh0l6CkPVYn,metadata_updated,,,2026-03-04,2076-03-04,50,2026-03-04,2029-03-04,3,active,1
sub_1T7MlSE2kujhweZxK2yoc9cq,cus_U5Xr6f64yvPedC,metadata_updated,,,2026-03-04,2076-03-04,50,2026-03-04,2029-03-04,3,active,1
sub_1T7Md8E2kujhweZxNi8DV9Bl,cus_U5XiAcxxUmTDNP,metadata_updated,,,2026-03-04,2076-03-04,50,2026-03-04,2029-03-04,3,active,1
sub_1T7MNXE2kujhweZxuVGL1wZi,cus_U5XSeZo2Bt7HGF,metadata_updated,,,2026-03-04,2076-03-04,50,2026-03-04,2029-03-04,3,active,1
sub_1T7MGhE2kujhweZxhYTw8Tnk,cus_U5XL5rC9zfLeoq,metadata_updated,,,2026-03-04,2076-03-04,50,2026-03-04,2029-03-04,3,active,1
sub_1T7M7IE2kujhweZxgGYLF34D,cus_U5XBcUhMoRFR9F,metadata_updated,,,2026-03-04,2076-03-04,50,2026-03-04,2029-03-04,3,active,1
sub_1T7M2FE2kujhweZx7vmqAo34,cus_U5X6r3eutzFpad,metadata_updated,,,2026-03-04,2076-03-04,50,2026-03-04,2029-03-04,3,active,1
sub_1T7Lv7E2kujhweZx9HxFLoPM,cus_U5WyLs5f0gV5x3,metadata_updated,,,2026-03-04,2076-03-04,50,2026-03-04,2029-03-04,3,active,1
sub_1T7LpkE2kujhweZx7cMIWtoe,cus_U5WtwHgFoVdrMT,metadata_updated,,,2026-03-04,2076-03-04,50,2026-03-04,2029-03-04,3,active,1
sub_1T6afME2kujhweZxHIf3taWd,cus_U4k9bqslu8OwCN,metadata_updated,,,2026-03-02,2076-03-02,50,2026-03-02,2029-03-02,3,active,1
sub_1T6aYoE2kujhweZxwDzespw5,cus_U4k2Gq3nqLjFoi,metadata_updated,,,2026-03-02,2076-03-02,50,2026-03-02,2029-03-02,3,active,1
sub_1T6aH4E2kujhweZx34eS9wNk,cus_U4jkjAEDU7aPx6,metadata_updated,,,2026-03-02,2076-03-02,50,2026-03-02,2029-03-02,3,active,1
sub_1T5XvrE2kujhweZxUPALA1p4,cus_U3fGw5irS6rEMT,metadata_updated,,,2026-02-27,2076-02-27,50,2026-02-27,2029-02-27,3,active,1
sub_1T5WsOE2kujhweZxftJWp1is,cus_U3eALIfadsDEwc,metadata_updated,,,2026-02-27,2076-02-27,50,2026-02-27,2029-02-27,3,active,1
sub_1T5WiDE2kujhweZxF37mGTiL,cus_U3dz6fux58NBVv,metadata_updated,,,2026-02-27,2076-02-27,50,2026-02-27,2029-02-27,3,active,1
sub_1T5VobE2kujhweZxMIukrY2R,cus_U3d4eSQdBztBum,metadata_updated,,,2026-02-27,2076-02-27,50,2026-02-27,2029-02-27,3,active,1
sub_1SyzuoE2kujhweZxG043LCs3,cus_Twti18y39aowVc,metadata_updated,,,2026-02-09,2076-02-09,50,2026-02-09,2029-02-09,3,active,1
sub_1SyzqkE2kujhweZxBd3LjGdn,cus_Twtd81CgCgF14X,metadata_updated,,,2026-02-09,2076-02-09,50,2026-02-09,2029-02-09,3,active,1
sub_1SyyG3E2kujhweZxwMyyJinB,cus_Twrweb8U5jb5KL,metadata_updated,,,2026-02-09,2076-02-09,50,2026-02-09,2029-02-09,3,active,1
sub_1SyxmuE2kujhweZx3BNJFVO2,cus_TwrVcFkCAQzRY1,metadata_updated,,,2026-02-09,2076-02-09,50,2026-02-09,2029-02-09,3,active,1
sub_1SyxZIE2kujhweZxKgkxdNcJ,cus_TwrHtvk6VT9mxr,metadata_updated,,,2026-02-09,2076-02-09,50,2026-02-09,2029-02-09,3,active,1
sub_1SyxM0E2kujhweZxlJMs13gR,cus_Twr4dZHq4E8eDn,metadata_updated,,,2026-02-09,2076-02-09,50,2026-02-09,2029-02-09,3,active,1
sub_1SyxHeE2kujhweZxGcDxmbUL,cus_TwqzpfY9TP06Tn,metadata_updated,,,2026-02-09,2076-02-09,50,2026-02-09,2029-02-09,3,active,1
sub_1SywvWE2kujhweZxTW4viwgO,cus_TwqcjDB8NFH7bG,metadata_updated,,,2026-02-09,2076-02-09,50,2026-02-09,2029-02-09,3,active,1
sub_1Sywo6E2kujhweZxUzNKdLdV,cus_TwqVXDVtlqwqPZ,metadata_updated,,,2026-02-09,2076-02-09,50,2026-02-09,2029-02-09,3,active,1
sub_1SywhWE2kujhweZxQqvTQ3Vc,cus_TwqOMQmH37KYmP,metadata_updated,,,2026-02-09,2076-02-09,50,2026-02-09,2029-02-09,3,active,1
sub_1SywTKE2kujhweZx0MSIqGcB,cus_Twq9JpfSDQUuXc,metadata_updated,,,2026-02-09,2076-02-09,50,2026-02-09,2029-02-09,3,active,1
sub_1SxubxE2kujhweZxOOIhX7hE,cus_TvmAemcZu5H42G,metadata_updated,,,2026-02-06,2076-02-06,50,2026-02-06,2029-02-06,3,active,1
sub_1SxuJlE2kujhweZx2VbtYj3b,cus_TvlrTi4yyyqAy1,metadata_updated,,,2026-02-06,2076-02-06,50,2026-02-06,2029-02-06,3,active,1
sub_1SxtvME2kujhweZxVfE432dy,cus_TvlSQpGCuhXX3g,metadata_updated,,,2026-02-06,2076-02-06,50,2026-02-06,2029-02-06,3,active,1
sub_1Swl6JE2kujhweZx2nkjDkws,cus_TuaGWU67FnhNLF,metadata_updated,,,2026-02-03,2076-02-03,50,2026-02-03,2029-02-03,3,active,1
sub_1SwTYsE2kujhweZxBm0nviF4,cus_TuI8H704b9IO8i,metadata_updated,,,2026-02-02,2076-02-02,50,2026-02-02,2029-02-02,3,active,1
sub_1SwShYE2kujhweZx9G1w62fS,cus_TuHFXfBTj2hk6r,metadata_updated,,,2026-02-02,2076-02-02,50,2026-02-02,2029-02-02,3,active,1
sub_1SwSRVE2kujhweZxn1HK1ah9,cus_TuGzWs5sI2eAKT,metadata_updated,,,2026-02-02,2076-02-02,50,2026-02-02,2029-02-02,3,active,1
sub_1SwSEvE2kujhweZxdENpmBN5,cus_TuGmeHGqc441FO,metadata_updated,,,2026-02-02,2076-02-02,50,2026-02-02,2029-02-02,3,active,1
sub_1SwRxcE2kujhweZxCMQasOE7,cus_TuGSMus9JCmxMq,metadata_updated,,,2026-02-02,2076-02-02,50,2026-02-02,2029-02-02,3,active,1
sub_1SpEOoE2kujhweZxLEBVV9YU,cus_TmnynrhqLRqOMN,metadata_updated,,,2026-01-13,2076-01-13,50,2026-01-13,2029-01-13,3,active,1
sub_1Sor3WE2kujhweZxldsAhyrP,cus_TmPt2iVHu6nPCA,metadata_updated,,,2026-01-12,2076-01-12,50,2026-01-12,2029-01-12,3,active,1
sub_1SoqtqE2kujhweZxECHrtg4K,cus_TmPjEcqWY0tSJD,metadata_updated,,,2026-01-12,2076-01-12,50,2026-01-12,2029-01-12,3,active,1
sub_1SoqjHE2kujhweZx1vZdge74,cus_TmPYAO2n1q2ol5,metadata_updated,,,2026-01-12,2076-01-12,50,2026-01-12,2029-01-12,3,active,1
sub_1SoqZnE2kujhweZx0qtDLzTv,cus_TmPOlGSaycn08p,metadata_updated,,,2026-01-12,2076-01-12,50,2026-01-12,2029-01-12,3,active,1
sub_1SoqQTE2kujhweZxi80wZAJX,cus_TmPEaAN68nn9R7,metadata_updated,,,2026-01-12,2076-01-12,50,2026-01-12,2029-01-12,3,active,1
sub_1SooTNE2kujhweZxhvsorm08,cus_TmNDIxw1cgtczI,metadata_updated,,,2026-01-12,2076-01-12,50,2026-01-12,2029-01-12,3,active,1
sub_1SontQE2kujhweZxnyRvsGB1,cus_TmMc4dkZpMwCxo,metadata_updated,,,2026-01-12,2076-01-12,50,2026-01-12,2029-01-12,3,active,1
sub_1SonlfE2kujhweZx9K408SKF,cus_TmMU2ydVnzgyli,metadata_updated,,,2026-01-12,2076-01-12,50,2026-01-12,2029-01-12,3,active,1
sub_1SoneAE2kujhweZxk67JNvlQ,cus_TmMM7mAcIQZF0c,metadata_updated,,,2026-01-12,2076-01-12,50,2026-01-12,2029-01-12,3,active,1
sub_1ShucwE2kujhweZx9prlUW88,cus_TfF7SBDHcZOy9l,metadata_updated,,,2025-12-24,2075-12-24,50,2025-12-24,2028-12-24,3,active,1
sub_1ShuQpE2kujhweZxpPBWL9Sp,cus_TfEu3iFRoaAAj4,metadata_updated,,,2025-12-24,2075-12-24,50,2025-12-24,2028-12-24,3,active,1
sub_1ShuAyE2kujhweZx11pdapaC,cus_TfEeJhJmv0HRYr,metadata_updated,,,2025-12-24,2075-12-24,50,2025-12-24,2028-12-24,3,active,1
sub_1Shu5sE2kujhweZxrk3pO4qZ,cus_TfEYTG965hoFyW,metadata_updated,,,2025-12-24,2075-12-24,50,2025-12-24,2028-12-24,3,active,1
sub_1ShtzDE2kujhweZxGRVWnyl2,cus_TfESmGy5wYfiBg,metadata_updated,,,2025-12-24,2075-12-24,50,2025-12-24,2028-12-24,3,active,1
sub_1ShtpvE2kujhweZxdXuO8cv0,cus_TfEIpSPG4v1x6x,metadata_updated,,,2025-12-24,2075-12-24,50,2025-12-24,2028-12-24,3,active,1
sub_1Shtb7E2kujhweZxMyK7WMon,cus_TfE2XAZf2j9pgh,metadata_updated,,,2025-12-24,2075-12-24,50,2025-12-24,2028-12-24,3,active,1
sub_1Sfmv6E2kujhweZxQfazFiOy,cus_QcQ74a9nR8owLz,metadata_updated,,,2024-08-07,2074-08-07,50,2024-08-07,2027-08-07,3,active,1
sub_1ScBMkE2kujhweZxuAW64dJT,cus_TZK0xxwHGhbIpv,metadata_updated,,,2025-12-08,2075-12-08,50,2025-12-08,2028-12-08,3,active,1
sub_1SZZiAE2kujhweZxAyRUYadT,cus_TWcx79v3LYXLQ9,metadata_updated,,,2025-12-01,2075-12-01,50,2025-12-01,2028-12-01,3,active,1
sub_1SZZdhE2kujhweZx98uXWs19,cus_TWctPE6NP5OuYI,metadata_updated,,,2025-12-01,2075-12-01,50,2025-12-01,2028-12-01,3,active,1
sub_1SZZZHE2kujhweZxLoo4RVmJ,cus_TWcoOjpCXoL61Y,metadata_updated,,,2025-12-01,2075-12-01,50,2025-12-01,2028-12-01,3,active,1
sub_1SZZQ5E2kujhweZx1xvHPKG7,cus_TWcfpWm8Q4RT67,metadata_updated,,,2025-12-01,2075-12-01,50,2025-12-01,2028-12-01,3,active,1
sub_1SZZJBE2kujhweZxLtPTD34u,cus_TWcYoZsZnCjwEr,metadata_updated,,,2025-12-01,2075-12-01,50,2025-12-01,2028-12-01,3,active,1
sub_1SZZAIE2kujhweZxzT6sDAs8,cus_TWcOlrHcSQT07l,metadata_updated,,,2025-12-01,2075-12-01,50,2025-12-01,2028-12-01,3,active,1
sub_1SZYsAE2kujhweZxnEgJqdXP,cus_TWc6wKMdnuZ1lC,metadata_updated,,,2025-12-01,2075-12-01,50,2025-12-01,2028-12-01,3,active,1
sub_1SZYdJE2kujhweZx3nPRi21k,cus_TWbqtNgNd6AXOa,metadata_updated,,,2025-12-01,2075-12-01,50,2025-12-01,2028-12-01,3,active,1
sub_1SXj6pE2kujhweZxEiD5W3E6,cus_TUiX2Hqwn2mD7K,metadata_updated,,,2025-11-26,2075-11-26,50,2025-11-26,2028-11-26,3,active,1
sub_1SUpFcE2kujhweZxyfUAC0Eq,cus_TRigCinpvu3qai,metadata_updated,,,2025-11-18,2075-11-18,50,2025-11-18,2028-11-18,3,active,1
sub_1SUVp2E2kujhweZxeHmOfFYD,cus_TROcnXpmWZA9pG,metadata_updated,,,2025-11-17,2075-11-17,50,2025-11-17,2028-11-17,3,active,1
sub_1SUUYhE2kujhweZx4LEDELhD,cus_TRNJkoYIG1Cv2y,metadata_updated,,,2025-11-17,2075-11-17,50,2025-11-17,2028-11-17,3,active,1
sub_1SUUESE2kujhweZxXeJrwiRZ,cus_TRMx7mDqie9IHI,metadata_updated,,,2025-11-17,2075-11-17,50,2025-11-17,2028-11-17,3,active,1
sub_1ST19UE2kujhweZx7a6l7SJn,cus_TPqr6czZanFa1X,metadata_updated,,,2025-11-13,2075-11-13,50,2025-11-13,2028-11-13,3,active,1
sub_1ST148E2kujhweZxfljEtfuh,cus_TPqlwIlwS28aAF,metadata_updated,,,2025-11-13,2075-11-13,50,2025-11-13,2028-11-13,3,active,1
sub_1ST0thE2kujhweZxo81kkzJz,cus_TPqa1H2yrO8Lav,metadata_updated,,,2025-11-13,2075-11-13,50,2025-11-13,2028-11-13,3,active,1
sub_1SSjKeE2kujhweZxsDykNwjI,cus_TPYRFRmXhyrfuS,metadata_updated,,,2025-11-12,2075-11-12,50,2025-11-12,2028-11-12,3,active,1
sub_1SSjDzE2kujhweZxe2lWcwMe,cus_TPYKVYmkTXdCn3,metadata_updated,,,2025-11-12,2075-11-12,50,2025-11-12,2028-11-12,3,active,1
sub_1SSiubE2kujhweZxLSyTLSgh,cus_TPY0h2a9VDc3Nq,metadata_updated,,,2025-11-12,2075-11-12,50,2025-11-12,2028-11-12,3,active,1
sub_1SSinKE2kujhweZxbpJo2lgb,cus_TPXs2AwxBgruYf,metadata_updated,,,2025-11-12,2075-11-12,50,2025-11-12,2028-11-12,3,active,1
sub_1SSihEE2kujhweZxm9bDm9Xg,cus_TPXmhFgZ4Q16Av,metadata_updated,,,2025-11-12,2075-11-12,50,2025-11-12,2028-11-12,3,active,1
sub_1SSibgE2kujhweZx9DveCuJN,cus_TPXgcYHbFljTGf,metadata_updated,,,2025-11-12,2075-11-12,50,2025-11-12,2028-11-12,3,active,1
sub_1SSiVEE2kujhweZxpABhYVCv,cus_TPXZaslMOsOalr,metadata_updated,,,2025-11-12,2075-11-12,50,2025-11-12,2028-11-12,3,active,1
sub_1SShtpE2kujhweZxgLBuqGhB,cus_TPWxKkKaYMyRi5,metadata_updated,,,2025-11-12,2075-11-12,50,2025-11-12,2028-11-12,3,active,1
sub_1SShEME2kujhweZxtH869NCa,cus_TPWGSmWqgbdSqb,metadata_updated,,,2025-11-12,2075-11-12,50,2025-11-12,2028-11-12,3,active,1
sub_1SSh70E2kujhweZxcAWtzE4w,cus_TPW8NqOtY9NNhY,metadata_updated,,,2025-11-12,2075-11-12,50,2025-11-12,2028-11-12,3,active,1
sub_1SQBiKE2kujhweZxjdKUUvSo,cus_TMvZYfBtLhexms,metadata_updated,,,2025-11-05,2075-11-05,50,2025-11-05,2028-11-05,3,active,1
sub_1SIAbCE2kujhweZxJXxGC5FA,cus_TEdsRYAKSJl52l,metadata_updated,,,2025-10-14,2075-10-14,50,2025-10-14,2028-10-14,3,active,1
sub_1SIAQgE2kujhweZxMrAtdKp9,cus_TEdh8xkSsMqYLI,metadata_updated,,,2025-10-14,2075-10-14,50,2025-10-14,2028-10-14,3,active,1
sub_1SFGzhE2kujhweZxYcJoEjnZ,cus_TBeHeAIg8rxkf2,metadata_updated,,,2025-10-06,2075-10-06,50,2025-10-06,2028-10-06,3,active,1
sub_1SFGtOE2kujhweZxHv5eufak,cus_TBeBaZJDBQnwRA,metadata_updated,,,2025-10-06,2075-10-06,50,2025-10-06,2028-10-06,3,active,1
sub_1SFGiVE2kujhweZx2lybzmin,cus_TBe0jT9tIw9UXR,metadata_updated,,,2025-10-06,2075-10-06,50,2025-10-06,2028-10-06,3,active,1
sub_1SFGb2E2kujhweZx3d1Y8qD8,cus_TBdsVRZwT2wwdW,metadata_updated,,,2025-10-06,2075-10-06,50,2025-10-06,2028-10-06,3,active,1
sub_1SFGS4E2kujhweZxbi8qNr1a,cus_TBdjB25QSTzuSz,metadata_updated,,,2025-10-06,2075-10-06,50,2025-10-06,2028-10-06,3,active,1
sub_1SCiWbE2kujhweZxeFup2cza,cus_QPlkakagCgP1rI,metadata_updated,,,2024-07-04,2074-07-04,50,2024-07-04,2027-07-04,3,active,1
sub_1SBljAE2kujhweZxUdW04JKn,cus_SLeIHZFtv8AOIg,metadata_updated,,,2025-05-20,2075-05-20,50,2025-05-20,2028-05-20,3,active,1
sub_1SAERbE2kujhweZxQ1e1qgl5,cus_T6RGOyvtfjoGhR,metadata_updated,,,2025-09-22,2075-09-22,50,2025-09-22,2028-09-22,3,active,1
sub_1SAEDxE2kujhweZx7VmrjsrF,cus_T6R5Rfe42F55BE,metadata_updated,,,2025-09-22,2075-09-22,50,2025-09-22,2028-09-22,3,active,1
sub_1SADsNE2kujhweZxfd1hzSGa,cus_T6QjxyRyCcIPy5,metadata_updated,,,2025-09-22,2075-09-22,50,2025-09-22,2028-09-22,3,active,1
sub_1SADjvE2kujhweZxbCfBe4vS,cus_T6QayZsqpyHv6V,metadata_updated,,,2025-09-22,2075-09-22,50,2025-09-22,2028-09-22,3,active,1
sub_1SADbpE2kujhweZx7Smz3agh,cus_T6QSn0aRlbZbir,metadata_updated,,,2025-09-22,2075-09-22,50,2025-09-22,2028-09-22,3,active,1
sub_1SADUkE2kujhweZxi8A5EN2u,cus_T6QLv3rk2eRs9P,metadata_updated,,,2025-09-22,2075-09-22,50,2025-09-22,2028-09-22,3,active,1
sub_1SADLnE2kujhweZxwaHx4gxV,cus_T6QBp7y3tleCOY,metadata_updated,,,2025-09-22,2075-09-22,50,2025-09-22,2028-09-22,3,active,1
sub_1SAD5nE2kujhweZxB58MZrvR,cus_T6PvA5MOT08FZp,metadata_updated,,,2025-09-22,2075-09-22,50,2025-09-22,2028-09-22,3,active,1
sub_1SACvFE2kujhweZxENVPfHOg,cus_T6PkEeZuHjZfc3,metadata_updated,,,2025-09-22,2075-09-22,50,2025-09-22,2028-09-22,3,active,1
sub_1SACg5E2kujhweZxwJGcil2j,cus_T6PUYXohbPlGfC,metadata_updated,,,2025-09-22,2075-09-22,50,2025-09-22,2028-09-22,3,active,1
sub_1S83KVE2kujhweZxbjXzesKt,cus_SM2934gPckz2ui,metadata_updated,,,2025-05-21,2075-05-21,50,2025-05-21,2028-05-21,3,active,1
sub_1S59WLE2kujhweZxoOeQwN1Q,cus_T1BrcSptuljD5n,metadata_updated,,,2025-09-08,2075-09-08,50,2025-09-08,2028-09-08,3,active,1
sub_1S59BFE2kujhweZxfXUOtZ3b,cus_T1BXGXC6iwPw6j,metadata_updated,,,2025-09-08,2075-09-08,50,2025-09-08,2028-09-08,3,active,1
sub_1S58ogE2kujhweZxekYlMNNW,cus_T1BAoLgcIykSnO,metadata_updated,,,2025-09-08,2075-09-08,50,2025-09-08,2028-09-08,3,active,1
sub_1S58IoE2kujhweZxMSFdB2Tn,cus_T1Ad31saVtw0m5,metadata_updated,,,2025-09-08,2075-09-08,50,2025-09-08,2028-09-08,3,active,1
sub_1S57nYE2kujhweZxE468Uhp8,cus_T1A7V3rmoF9MnH,metadata_updated,,,2025-09-08,2075-09-08,50,2025-09-08,2028-09-08,3,active,1
sub_1S57g9E2kujhweZxiIDLiSHZ,cus_T19zcpRAjahCWb,metadata_updated,,,2025-09-08,2075-09-08,50,2025-09-08,2028-09-08,3,active,1
sub_1S0lroE2kujhweZxJRR01XNZ,cus_SwfCrps2yPijRV,metadata_updated,,,2025-08-27,2075-08-27,50,2025-08-27,2028-08-27,3,active,1
sub_1S0ll8E2kujhweZxYDzN65VA,cus_Swf5dxbyDlCNcD,metadata_updated,,,2025-08-27,2075-08-27,50,2025-08-27,2028-08-27,3,active,1
sub_1S0le6E2kujhweZxn135yt8v,cus_SwexNPBP186vAu,metadata_updated,,,2025-08-27,2075-08-27,50,2025-08-27,2028-08-27,3,active,1
sub_1S0lQAE2kujhweZxXRvshppR,cus_SwejflGyRgH1fO,metadata_updated,,,2025-08-27,2075-08-27,50,2025-08-27,2028-08-27,3,active,1
sub_1S0lIgE2kujhweZxPsBemMAh,cus_SwebGBZDYr3k46,metadata_updated,,,2025-08-27,2075-08-27,50,2025-08-27,2028-08-27,3,active,1
sub_1S0l5gE2kujhweZxV2nbauIM,cus_SweOyxCgcSd1V5,metadata_updated,,,2025-08-27,2075-08-27,50,2025-08-27,2028-08-27,3,active,1
sub_1S0kxUE2kujhweZxl1LbYYtO,cus_SweFZqv7CzREAz,metadata_updated,,,2025-08-27,2075-08-27,50,2025-08-27,2028-08-27,3,active,1
sub_1S0kfxE2kujhweZxL9d4AH3H,cus_SwdxCk8z1vLjWU,metadata_updated,,,2025-08-27,2075-08-27,50,2025-08-27,2028-08-27,3,active,1
sub_1S0kUOE2kujhweZxGN2JpOqp,cus_SwdjdqJXqVBO8W,metadata_updated,,,2025-08-27,2075-08-27,50,2025-08-27,2028-08-27,3,active,1
sub_1S0kCkE2kujhweZx3lKUOEIf,cus_SwdSVaNafAEyfZ,metadata_updated,,,2025-08-27,2075-08-27,50,2025-08-27,2028-08-27,3,active,1
sub_1S0jmOE2kujhweZx1si8sJn0,cus_SwcoaqfTWPAWxd,metadata_updated,,,2025-08-27,2075-08-27,50,2025-08-27,2028-08-27,3,active,1
sub_1S04t3E2kujhweZxw2RRdmPg,cus_QMPByU1mVALeJq,metadata_updated,,,2024-06-25,2074-06-25,50,2024-06-25,2027-06-25,3,active,1
sub_1RvHcEE2kujhweZxxRRBxB7I,cus_SqzavDGc88vsmD,metadata_updated,,,2025-08-12,2075-08-12,50,2025-08-12,2028-08-12,3,active,1
sub_1RvHWbE2kujhweZxtIJSNvJ1,cus_SqzU3XxZiq79Qg,metadata_updated,,,2025-08-12,2075-08-12,50,2025-08-12,2028-08-12,3,active,1
sub_1RvHFEE2kujhweZxwLQUaGUk,cus_SqzCOH36HTTeXt,metadata_updated,,,2025-08-12,2075-08-12,50,2025-08-12,2028-08-12,3,active,1
sub_1RvH4aE2kujhweZx3Cty2CSR,cus_SqyyOT8ylaKNDv,metadata_updated,,,2025-08-12,2075-08-12,50,2025-08-12,2028-08-12,3,active,1
sub_1Rr4dLE2kujhweZxN1jsuxFs,cus_SmdtpVVVGrIH4e,metadata_updated,,,2025-07-31,2075-07-31,50,2025-07-31,2028-07-31,3,active,1
sub_1Rr4ZyE2kujhweZx9zi5li3e,cus_SmdqE4QPmcFIbN,metadata_updated,,,2025-07-31,2075-07-31,50,2025-07-31,2028-07-31,3,active,1
sub_1Rr4WmE2kujhweZxySVRn5nL,cus_SmdnO8Hfv2FAgV,metadata_updated,,,2025-07-31,2075-07-31,50,2025-07-31,2028-07-31,3,active,1
sub_1Rr4W9E2kujhweZxBiPr51iJ,cus_SmdY7Rt66PgUGe,metadata_updated,,,2025-07-31,2075-07-31,50,2025-07-31,2028-07-31,3,active,1
sub_1RnkDOE2kujhweZxIlexgYi4,cus_SjCX8SbS85YeWj,metadata_updated,,,2025-07-22,2075-07-22,50,2025-07-22,2028-07-22,3,active,1
sub_1RnjVqE2kujhweZxlKETTxzO,cus_SjBtG4ChfSsyRE,metadata_updated,,,2025-07-22,2075-07-22,50,2025-07-22,2028-07-22,3,active,1
sub_1RnjTIE2kujhweZxWYibiVtN,cus_SjBppcwIh1IoyY,metadata_updated,,,2025-07-22,2075-07-22,50,2025-07-22,2028-07-22,3,active,1
sub_1RnjMDE2kujhweZxePCuxgj7,cus_SjBis97ZknYPNZ,metadata_updated,,,2025-07-22,2075-07-22,50,2025-07-22,2028-07-22,3,active,1
sub_1RnjE8E2kujhweZxoLaMuCMX,cus_SjBaKHN6ao91Pf,metadata_updated,,,2025-07-22,2075-07-22,50,2025-07-22,2028-07-22,3,active,1
sub_1Rnj3DE2kujhweZxurB4zzh8,cus_SjA4a3mTBCazoy,metadata_updated,,,2025-07-22,2075-07-22,50,2025-07-22,2028-07-22,3,active,1
sub_1Rnj0cE2kujhweZxPpHx7nHF,cus_SjA2TkyG97lsls,metadata_updated,,,2025-07-22,2075-07-22,50,2025-07-22,2028-07-22,3,active,1
sub_1Rniy7E2kujhweZxh9PgHNEK,cus_SjA0KYSGZVsZbd,metadata_updated,,,2025-07-22,2075-07-22,50,2025-07-22,2028-07-22,3,active,1
sub_1RniskE2kujhweZxntQqz8a5,cus_Sj9ygp5ndRi9M0,metadata_updated,,,2025-07-22,2075-07-22,50,2025-07-22,2028-07-22,3,active,1
sub_1RnidcE2kujhweZxg814RmO2,cus_Sj9vrh44SN8GSi,metadata_updated,,,2025-07-22,2075-07-22,50,2025-07-22,2028-07-22,3,active,1
sub_1RniXGE2kujhweZxrAa5LjW1,cus_Sj9u37rYwaGqAV,metadata_updated,,,2025-07-22,2075-07-22,50,2025-07-22,2028-07-22,3,active,1
sub_1Rni3eE2kujhweZxrL8eIeXP,cus_Sj9s4iBq0XxWIM,metadata_updated,,,2025-07-22,2075-07-22,50,2025-07-22,2028-07-22,3,active,1
sub_1RgHqwE2kujhweZx3T9AQcr2,cus_RKMOiLmIrjh1H2,metadata_updated,,,2024-12-02,2074-12-02,50,2024-12-02,2027-12-02,3,active,1
sub_1RfioEE2kujhweZxNAnK7lAt,cus_SaubLFjsgYbIO4,metadata_updated,,,2025-06-30,2075-06-30,50,2025-06-30,2028-06-30,3,active,1
sub_1Rfi6aE2kujhweZxJQ86E9k9,cus_SatqZhwmUX7zDi,metadata_updated,,,2025-06-30,2075-06-30,50,2025-06-30,2028-06-30,3,active,1
sub_1RfCQGE2kujhweZx75EnQJv2,cus_R7VBBDawGXgFKK,metadata_updated,,,2024-10-29,2074-10-29,50,2024-10-29,2027-10-29,3,active,1
sub_1Rc7XSE2kujhweZxPzhT2qrx,cus_RfG38rnPoBXJqj,metadata_updated,,,2025-01-27,2075-01-27,50,2025-01-27,2028-01-27,3,active,1
sub_1Rbl6YE2kujhweZxAFqAa2pS,cus_SWoiM3S2vSdRi4,metadata_updated,,,2025-06-19,2075-06-19,50,2025-06-19,2028-06-19,3,active,1
sub_1Rbl0KE2kujhweZxjGHV3Uew,cus_SWocJD3Z2LbITp,metadata_updated,,,2025-06-19,2075-06-19,50,2025-06-19,2028-06-19,3,active,1
sub_1RbkluE2kujhweZxYVOsIaQp,cus_SWoNDoLjIqi9qg,metadata_updated,,,2025-06-19,2075-06-19,50,2025-06-19,2028-06-19,3,active,1
sub_1RbiXxE2kujhweZxc8XUg3Ti,cus_SWm3g2VvrVHlVB,metadata_updated,,,2025-06-19,2075-06-19,50,2025-06-19,2028-06-19,3,active,1
sub_1RYq3sE2kujhweZx5BzhUeoz,cus_RvmfgsjJtn9Pem,metadata_updated,,,2025-03-12,2075-03-12,50,2025-03-12,2028-03-12,3,active,1
sub_1RYWOgE2kujhweZxg3EhUybL,cus_STTJGhQ5kaenVd,metadata_updated,,,2025-06-10,2075-06-10,50,2025-06-10,2028-06-10,3,active,1
sub_1RTmHSE2kujhweZxzbP7bjQn,cus_SOZOVqt5osVM5l,metadata_updated,,,2025-05-28,2075-05-28,50,2025-05-28,2028-05-28,3,active,1
sub_1RTmD6E2kujhweZxMQ2NQyJw,cus_SOZLzlz8VGYzaO,metadata_updated,,,2025-05-28,2075-05-28,50,2025-05-28,2028-05-28,3,active,1
sub_1RTm8WE2kujhweZxUePQcFf0,cus_SOZEbOUxM3ju4V,metadata_updated,,,2025-05-28,2075-05-28,50,2025-05-28,2028-05-28,3,active,1
sub_1RTm32E2kujhweZxP7BzUv2r,cus_SOZAH0jciu6zrG,metadata_updated,,,2025-05-28,2075-05-28,50,2025-05-28,2028-05-28,3,active,1
sub_1RTly2E2kujhweZxHRXXsek7,cus_SOZ3bZaq639pHm,metadata_updated,,,2025-05-28,2075-05-28,50,2025-05-28,2028-05-28,3,active,1
sub_1RTlpzE2kujhweZxGjWp2xih,cus_SOYwEisBe9Rqqm,metadata_updated,,,2025-05-28,2075-05-28,50,2025-05-28,2028-05-28,3,active,1
sub_1RTlihE2kujhweZxv0ftRq9F,cus_SOYp2l4E8RwHwi,metadata_updated,,,2025-05-28,2075-05-28,50,2025-05-28,2028-05-28,3,active,1
sub_1RTldRE2kujhweZxI9euVxWE,cus_SOYjmZSUX2ZGtE,metadata_updated,,,2025-05-28,2075-05-28,50,2025-05-28,2028-05-28,3,active,1
sub_1RTlWjE2kujhweZx9fbBav6b,cus_SOYdY7Otsx3qVU,metadata_updated,,,2025-05-28,2075-05-28,50,2025-05-28,2028-05-28,3,active,1
sub_1RTlQiE2kujhweZxeRX0rthv,cus_SOYWi3BS6JXiHA,metadata_updated,,,2025-05-28,2075-05-28,50,2025-05-28,2028-05-28,3,active,1
sub_1RTlIuE2kujhweZxa2c9HR3g,cus_SOYPdKTfFeb76l,metadata_updated,,,2025-05-28,2075-05-28,50,2025-05-28,2028-05-28,3,active,1
sub_1RTlFKE2kujhweZxx3Vd7iCo,cus_SOYL36kxLcYFSS,metadata_updated,,,2025-05-28,2075-05-28,50,2025-05-28,2028-05-28,3,active,1
sub_1RTlCXE2kujhweZxzZND0aSu,cus_SOYIb1s3F0LrBk,metadata_updated,,,2025-05-28,2075-05-28,50,2025-05-28,2028-05-28,3,active,1
sub_1RTkOsE2kujhweZxCWk2XR3f,cus_SOXT0a5nn1zyxU,metadata_updated,,,2025-05-28,2075-05-28,50,2025-05-28,2028-05-28,3,active,1
sub_1RTkMRE2kujhweZxGo4BC73a,cus_SOXQiwlmIyJbEQ,metadata_updated,,,2025-05-28,2075-05-28,50,2025-05-28,2028-05-28,3,active,1
sub_1RTk6EE2kujhweZxuCBArFBX,cus_SOX9idj4XPxTwT,metadata_updated,,,2025-05-28,2075-05-28,50,2025-05-28,2028-05-28,3,active,1
sub_1RRKNyE2kujhweZxUaGSX5wl,cus_SM2SbEiLWoJab9,metadata_updated,,,2025-05-21,2075-05-21,50,2025-05-21,2028-05-21,3,active,1
sub_1RRKLtE2kujhweZxPMtTFtc5,cus_SM2QrgznGJq6Lg,metadata_updated,,,2025-05-21,2075-05-21,50,2025-05-21,2028-05-21,3,active,1
sub_1RRKKEE2kujhweZxPjs4KBzb,cus_SM2OEljC2B4js1,metadata_updated,,,2025-05-21,2075-05-21,50,2025-05-21,2028-05-21,3,active,1
sub_1RRKI9E2kujhweZxNCwEs7CY,cus_SM2MjGUoRCW47s,metadata_updated,,,2025-05-21,2075-05-21,50,2025-05-21,2028-05-21,3,active,1
sub_1RRKF0E2kujhweZxCehzdOdA,cus_SM2If1EevwP9fL,metadata_updated,,,2025-05-21,2075-05-21,50,2025-05-21,2028-05-21,3,active,1
sub_1RRKCOE2kujhweZxMDY1GZu8,cus_SM2GabIwmFJdTO,metadata_updated,,,2025-05-21,2075-05-21,50,2025-05-21,2028-05-21,3,active,1
sub_1RRKANE2kujhweZxUMx2yOG8,cus_SM2ECSZl6wOyb0,metadata_updated,,,2025-05-21,2075-05-21,50,2025-05-21,2028-05-21,3,active,1
sub_1RRK7zE2kujhweZxVmwJ0V0S,cus_SM2BPxmF5iMmAf,metadata_updated,,,2025-05-21,2075-05-21,50,2025-05-21,2028-05-21,3,active,1
sub_1RRK3CE2kujhweZxij1PuXiF,cus_SM262lpu603Dv1,metadata_updated,,,2025-05-21,2075-05-21,50,2025-05-21,2028-05-21,3,active,1
sub_1RRK0kE2kujhweZxAp4Dg88o,cus_SM24wvettITNvV,metadata_updated,,,2025-05-21,2075-05-21,50,2025-05-21,2028-05-21,3,active,1
sub_1RRJyME2kujhweZxhniOU2lS,cus_SM21yQ5yOlpykw,metadata_updated,,,2025-05-21,2075-05-21,50,2025-05-21,2028-05-21,3,active,1
sub_1RRJvpE2kujhweZxqP2TuXV6,cus_SM1zWCTFcIIicT,metadata_updated,,,2025-05-21,2075-05-21,50,2025-05-21,2028-05-21,3,active,1
sub_1RRJteE2kujhweZx26JDQsn2,cus_SM1wK6cpMxkOLW,metadata_updated,,,2025-05-21,2075-05-21,50,2025-05-21,2028-05-21,3,active,1
sub_1RQxfrE2kujhweZxbGuAouZB,cus_SLezbC54O572gW,metadata_updated,,,2025-05-20,2075-05-20,50,2025-05-20,2028-05-20,3,active,1
sub_1RQxe1E2kujhweZxDyXlerfL,cus_SLexoMz8pyeRDQ,metadata_updated,,,2025-05-20,2075-05-20,50,2025-05-20,2028-05-20,3,active,1
sub_1RQxcEE2kujhweZxe3zfzyJC,cus_SLevfGqpvyHw0l,metadata_updated,,,2025-05-20,2075-05-20,50,2025-05-20,2028-05-20,3,active,1
sub_1RQxXTE2kujhweZx0rEWDti8,cus_SLeqSATuQ9m9sC,metadata_updated,,,2025-05-20,2075-05-20,50,2025-05-20,2028-05-20,3,active,1
sub_1RQxV4E2kujhweZxcXiTbVJ5,cus_SLeog6MxeMOhAs,metadata_updated,,,2025-05-20,2075-05-20,50,2025-05-20,2028-05-20,3,active,1
sub_1RQxSuE2kujhweZxG5c1M6Vn,cus_SLeloraFuCY4oM,metadata_updated,,,2025-05-20,2075-05-20,50,2025-05-20,2028-05-20,3,active,1
sub_1RQxQqE2kujhweZxoEGXrrXJ,cus_SLejx45FHySTYf,metadata_updated,,,2025-05-20,2075-05-20,50,2025-05-20,2028-05-20,3,active,1
sub_1RQxO7E2kujhweZxUadb8VwX,cus_SLegzPtuXemiH9,metadata_updated,,,2025-05-20,2075-05-20,50,2025-05-20,2028-05-20,3,active,1
sub_1RQxLpE2kujhweZxGNa2ynlc,cus_SLeeyxtRDFjhuA,metadata_updated,,,2025-05-20,2075-05-20,50,2025-05-20,2028-05-20,3,active,1
sub_1RQxIrE2kujhweZx5qvGeDrW,cus_SLebyyMBDGXKfl,metadata_updated,,,2025-05-20,2075-05-20,50,2025-05-20,2028-05-20,3,active,1
sub_1RQxGSE2kujhweZx1IoQMJEb,cus_SLeYPc7EfKWYXe,metadata_updated,,,2025-05-20,2075-05-20,50,2025-05-20,2028-05-20,3,active,1
sub_1RQxDxE2kujhweZx1BgPuFMS,cus_SLeWunKG8BEddI,metadata_updated,,,2025-05-20,2075-05-20,50,2025-05-20,2028-05-20,3,active,1
sub_1RQxBmE2kujhweZxKy7CCSmW,cus_SLeU9NHlgXGfZa,metadata_updated,,,2025-05-20,2075-05-20,50,2025-05-20,2028-05-20,3,active,1
sub_1RQx9aE2kujhweZxvOO8cqnI,cus_SLeRJpxO77LniO,metadata_updated,,,2025-05-20,2075-05-20,50,2025-05-20,2028-05-20,3,active,1
sub_1RQx73E2kujhweZxkBkLqjKP,cus_SLePYwHxHYPEJ3,metadata_updated,,,2025-05-20,2075-05-20,50,2025-05-20,2028-05-20,3,active,1
sub_1RQwxyE2kujhweZxuuC9mc61,cus_SLeE90jbUkblQm,metadata_updated,,,2025-05-20,2075-05-20,50,2025-05-20,2028-05-20,3,active,1
sub_1RQwu4E2kujhweZxKqtVZD7R,cus_SLeBBdOorsUJmY,metadata_updated,,,2025-05-20,2075-05-20,50,2025-05-20,2028-05-20,3,active,1
sub_1RQwrUE2kujhweZxtygp1OtH,cus_SLe8isAndNUHyX,metadata_updated,,,2025-05-20,2075-05-20,50,2025-05-20,2028-05-20,3,active,1
sub_1RQwouE2kujhweZxTdPKdrSy,cus_SLe6tYF7ab8OWn,metadata_updated,,,2025-05-20,2075-05-20,50,2025-05-20,2028-05-20,3,active,1
sub_1RQwmBE2kujhweZxX3iO1G3K,cus_SLe3XrcuWP4GG6,metadata_updated,,,2025-05-20,2075-05-20,50,2025-05-20,2028-05-20,3,active,1
sub_1RO3FoE2kujhweZxeydBAsGh,cus_SIeXjjBIw7Au8a,metadata_updated,,,2025-05-12,2075-05-12,50,2025-05-12,2028-05-12,3,active,1
sub_1RO3CYE2kujhweZx3OOtn0M2,cus_SIeUrWMsLxhfcU,metadata_updated,,,2025-05-12,2075-05-12,50,2025-05-12,2028-05-12,3,active,1
sub_1RO379E2kujhweZxaYYiZ7tK,cus_SIePUTCojsv6BV,metadata_updated,,,2025-05-12,2075-05-12,50,2025-05-12,2028-05-12,3,active,1
sub_1RO34aE2kujhweZx0KfOMoXX,cus_SIeMz0reDN5KXR,metadata_updated,,,2025-05-12,2075-05-12,50,2025-05-12,2028-05-12,3,active,1
sub_1RO31nE2kujhweZxFJxp5NOr,cus_SIeJdCobSH02va,metadata_updated,,,2025-05-12,2075-05-12,50,2025-05-12,2028-05-12,3,active,1
sub_1RO2ypE2kujhweZxMAWsFOrf,cus_SIeGy2dSssPWUF,metadata_updated,,,2025-05-12,2075-05-12,50,2025-05-12,2028-05-12,3,active,1
sub_1RO2wQE2kujhweZxOmiGPsO1,cus_SIeDse2Mp0XF4e,metadata_updated,,,2025-05-12,2075-05-12,50,2025-05-12,2028-05-12,3,active,1
sub_1RO2tOE2kujhweZxhZAfWEQI,cus_SIeAG7pgsGFERv,metadata_updated,,,2025-05-12,2075-05-12,50,2025-05-12,2028-05-12,3,active,1
sub_1RO2qiE2kujhweZx889yjV9N,cus_SIe8nKgoSVYwKs,metadata_updated,,,2025-05-12,2075-05-12,50,2025-05-12,2028-05-12,3,active,1
sub_1RO2niE2kujhweZxJmdoZYNK,cus_SIe4UpzHSpp77W,metadata_updated,,,2025-05-12,2075-05-12,50,2025-05-12,2028-05-12,3,active,1
sub_1RO2kqE2kujhweZxTFSPjWva,cus_SIe2LRgnj6ylwg,metadata_updated,,,2025-05-12,2075-05-12,50,2025-05-12,2028-05-12,3,active,1
sub_1RO2h7E2kujhweZxlnzxICqU,cus_SIdyRAdOKKRJkY,metadata_updated,,,2025-05-12,2075-05-12,50,2025-05-12,2028-05-12,3,active,1
sub_1RO2e8E2kujhweZxaOZMci29,cus_SIduuDLVUnHSXT,metadata_updated,,,2025-05-12,2075-05-12,50,2025-05-12,2028-05-12,3,active,1
sub_1RNR3uE2kujhweZxlbOfPgTY,cus_QRatG4oH0Gl3Oa,metadata_updated,,,2024-07-09,2074-07-09,50,2024-07-09,2027-07-09,3,active,1
sub_1RLoQLE2kujhweZxa6wfpYcP,cus_SGL6Nxma031OB1,metadata_updated,,,2025-05-06,2075-05-06,50,2025-05-06,2028-05-06,3,active,1
sub_1RLoMwE2kujhweZxpem5QqQc,cus_SGL2EUnYn4sUqV,metadata_updated,,,2025-05-06,2075-05-06,50,2025-05-06,2028-05-06,3,active,1
sub_1RLoJpE2kujhweZxWNivKCfM,cus_SGKzdIttemJUoB,metadata_updated,,,2025-05-06,2075-05-06,50,2025-05-06,2028-05-06,3,active,1
sub_1RLoHKE2kujhweZxCdzWrFR9,cus_SGKwXOtDRPc6zu,metadata_updated,,,2025-05-06,2075-05-06,50,2025-05-06,2028-05-06,3,active,1
sub_1RLoESE2kujhweZxJkmnWHR8,cus_SGKtItvnDT5g3y,metadata_updated,,,2025-05-06,2075-05-06,50,2025-05-06,2028-05-06,3,active,1
sub_1RLoBDE2kujhweZx6DL7zazc,cus_SGKqmyaH2A3iTd,metadata_updated,,,2025-05-06,2075-05-06,50,2025-05-06,2028-05-06,3,active,1
sub_1RLo87E2kujhweZxmBEtx5QW,cus_SGKmI1r35ALPr7,metadata_updated,,,2025-05-06,2075-05-06,50,2025-05-06,2028-05-06,3,active,1
sub_1RLo4SE2kujhweZxW6Yhqfxd,cus_SGKjTLA9OIleVX,metadata_updated,,,2025-05-06,2075-05-06,50,2025-05-06,2028-05-06,3,active,1
sub_1RLo1eE2kujhweZxLGPi5dwZ,cus_SGKgxH1Kzmrv4v,metadata_updated,,,2025-05-06,2075-05-06,50,2025-05-06,2028-05-06,3,active,1
sub_1RLnymE2kujhweZxer18sGD6,cus_SGKdMGkgXJta65,metadata_updated,,,2025-05-06,2075-05-06,50,2025-05-06,2028-05-06,3,active,1
sub_1RLnw2E2kujhweZxFKgZVkz9,cus_SGKaLEY0fjdKbd,metadata_updated,,,2025-05-06,2075-05-06,50,2025-05-06,2028-05-06,3,active,1
sub_1RLnsgE2kujhweZx3GmehS2I,cus_SGKX7PH73tlbxg,metadata_updated,,,2025-05-06,2075-05-06,50,2025-05-06,2028-05-06,3,active,1
sub_1RLnqDE2kujhweZxhM3iTczR,cus_SGKSqSGIn17Kt1,metadata_updated,,,2025-05-06,2075-05-06,50,2025-05-06,2028-05-06,3,active,1
sub_1RJHMpE2kujhweZxk0Lwm6fc,cus_SDinjhyoNw5VVg,metadata_updated,,,2025-04-29,2075-04-29,50,2025-04-29,2028-04-29,3,active,1
sub_1RJHK8E2kujhweZxjNElVyJx,cus_SDil4Zl5yBl1MJ,metadata_updated,,,2025-04-29,2075-04-29,50,2025-04-29,2028-04-29,3,active,1
sub_1RJHH1E2kujhweZxMABGPepm,cus_SDihSDkAgjzX0b,metadata_updated,,,2025-04-29,2075-04-29,50,2025-04-29,2028-04-29,3,active,1
sub_1RJH9NE2kujhweZxyBc4pfkK,cus_SDiZ75XCcuhmih,metadata_updated,,,2025-04-29,2075-04-29,50,2025-04-29,2028-04-29,3,active,1
sub_1RJH6CE2kujhweZxECfGZbAj,cus_SDiWeRhYC1vzMu,metadata_updated,,,2025-04-29,2075-04-29,50,2025-04-29,2028-04-29,3,active,1
sub_1RJH3KE2kujhweZxVCFSJr85,cus_SDiTrnW1eZ10kZ,metadata_updated,,,2025-04-29,2075-04-29,50,2025-04-29,2028-04-29,3,active,1
sub_1RJGzeE2kujhweZx8ODxEACo,cus_SDiQerVYjUXHEs,metadata_updated,,,2025-04-29,2075-04-29,50,2025-04-29,2028-04-29,3,active,1
sub_1RJGx5E2kujhweZx3xWXHCoH,cus_SDiNIfIlEzlUSj,metadata_updated,,,2025-04-29,2075-04-29,50,2025-04-29,2028-04-29,3,active,1
sub_1RJGuSE2kujhweZxUujnJJhr,cus_SDiK3JlNimfcAN,metadata_updated,,,2025-04-29,2075-04-29,50,2025-04-29,2028-04-29,3,active,1
sub_1RJGrVE2kujhweZxOoK3NdpQ,cus_SDiH9ycxVXoSkG,metadata_updated,,,2025-04-29,2075-04-29,50,2025-04-29,2028-04-29,3,active,1
sub_1RJGoUE2kujhweZxbtCSdspp,cus_SDiE0T60RScKAx,metadata_updated,,,2025-04-29,2075-04-29,50,2025-04-29,2028-04-29,3,active,1
sub_1RJGlgE2kujhweZx4n02Nl4P,cus_SDiBHQZ6vQUJYU,metadata_updated,,,2025-04-29,2075-04-29,50,2025-04-29,2028-04-29,3,active,1
sub_1RJGbHE2kujhweZxO3IR29C7,cus_SDi0IChrSidJ9a,metadata_updated,,,2025-04-29,2075-04-29,50,2025-04-29,2028-04-29,3,active,1
sub_1RGPnQE2kujhweZx99RAHZdF,cus_SAlJFxD1iBMeoK,metadata_updated,,,2025-04-21,2075-04-21,50,2025-04-21,2028-04-21,3,active,1
sub_1RGPktE2kujhweZxvga30cmK,cus_SAlHeBw53z2PfS,metadata_updated,,,2025-04-21,2075-04-21,50,2025-04-21,2028-04-21,3,active,1
sub_1RGPgPE2kujhweZxzL2RnoHl,cus_SAlCO4vFDhpyVc,metadata_updated,,,2025-04-21,2075-04-21,50,2025-04-21,2028-04-21,3,active,1
sub_1RGPblE2kujhweZxaH0OB9Lr,cus_SAl7qNvZsyQFXv,metadata_updated,,,2025-04-21,2075-04-21,50,2025-04-21,2028-04-21,3,active,1
sub_1RGPWnE2kujhweZxkdxAnIng,cus_SAl2qC1xp3wsXj,metadata_updated,,,2025-04-21,2075-04-21,50,2025-04-21,2028-04-21,3,active,1
sub_1RGPRtE2kujhweZxDREaJGQH,cus_SAkwGuSFYRR5gH,metadata_updated,,,2025-04-21,2075-04-21,50,2025-04-21,2028-04-21,3,active,1
sub_1REWAiE2kujhweZxeWnolh3F,cus_S8nlgH6DJlK1TL,metadata_updated,,,2025-04-16,2075-04-16,50,2025-04-16,2028-04-16,3,active,1
sub_1REW8AE2kujhweZxLR2No9n4,cus_S8njIoOJEs5rjV,metadata_updated,,,2025-04-16,2075-04-16,50,2025-04-16,2028-04-16,3,active,1
sub_1REW5WE2kujhweZxwjbnr0RV,cus_S8ngNXLe1pfSST,metadata_updated,,,2025-04-16,2075-04-16,50,2025-04-16,2028-04-16,3,active,1
sub_1REW27E2kujhweZxprU6GBP1,cus_S8nceR7pIQdSYe,metadata_updated,,,2025-04-16,2075-04-16,50,2025-04-16,2028-04-16,3,active,1
sub_1REVynE2kujhweZxFIUQHVa2,cus_S8nZloU6G8S5gq,metadata_updated,,,2025-04-16,2075-04-16,50,2025-04-16,2028-04-16,3,active,1
sub_1REVvME2kujhweZxiRUJSRjj,cus_S8nVsPXD1LtYgG,metadata_updated,,,2025-04-16,2075-04-16,50,2025-04-16,2028-04-16,3,active,1
sub_1REVrvE2kujhweZx3jwihk8h,cus_S8nSoDTzyOLSfU,metadata_updated,,,2025-04-16,2075-04-16,50,2025-04-16,2028-04-16,3,active,1
sub_1REHETE2kujhweZx4iIIx6Ug,cus_S8YIV6vW31hxgm,metadata_updated,,,2025-04-15,2075-04-15,50,2025-04-15,2028-04-15,3,active,1
sub_1REH9IE2kujhweZxNsb0396s,cus_S8YFP6Xn4g453i,metadata_updated,,,2025-04-15,2075-04-15,50,2025-04-15,2028-04-15,3,active,1
sub_1REH6QE2kujhweZxbl6Qnhma,cus_S8YCVeztEed5RM,metadata_updated,,,2025-04-15,2075-04-15,50,2025-04-15,2028-04-15,3,active,1
sub_1REH2HE2kujhweZxKsKhmutj,cus_S8Y7X9IzxAiTro,metadata_updated,,,2025-04-15,2075-04-15,50,2025-04-15,2028-04-15,3,active,1
sub_1RDrmuE2kujhweZxNHdyLPNt,cus_Ryo4kcvMa7pbjC,metadata_updated,,,2025-03-20,2075-03-20,50,2025-03-20,2028-03-20,3,active,1
sub_1RBzdFE2kujhweZxP1FW6d8h,cus_S6C0i9pNKzyKS7,metadata_updated,,,2025-04-09,2075-04-09,50,2025-04-09,2028-04-09,3,active,1
sub_1RBcxGE2kujhweZx5WpmXBLZ,cus_S5oZFGmm1qddsC,metadata_updated,,,2025-04-08,2075-04-08,50,2025-04-08,2028-04-08,3,active,1
sub_1RBcujE2kujhweZxEfhm9aMi,cus_S5oXX0gSxAofg4,metadata_updated,,,2025-04-08,2075-04-08,50,2025-04-08,2028-04-08,3,active,1
sub_1RBcrtE2kujhweZxJssvpZER,cus_S5oSDAjdpkIO39,metadata_updated,,,2025-04-08,2075-04-08,50,2025-04-08,2028-04-08,3,active,1
sub_1RBcncE2kujhweZx9qA4PQZH,cus_S5oPhCirWxuDVm,metadata_updated,,,2025-04-08,2075-04-08,50,2025-04-08,2028-04-08,3,active,1
sub_1RBckkE2kujhweZxQfZ68fL2,cus_S5oMRRhSidpKSy,metadata_updated,,,2025-04-08,2075-04-08,50,2025-04-08,2028-04-08,3,active,1
sub_1RBNAiE2kujhweZxFo5qa9Zx,cus_S5YGJLi2HhI9vF,metadata_updated,,,2025-04-07,2075-04-07,50,2025-04-07,2028-04-07,3,active,1
sub_1RBN7CE2kujhweZxjNMDCkmE,cus_S5YCvVLYG5MxH7,metadata_updated,,,2025-04-07,2075-04-07,50,2025-04-07,2028-04-07,3,active,1
sub_1RBMzXE2kujhweZxlfo6JibW,cus_S5Y5tK2I83bXgP,metadata_updated,,,2025-04-07,2075-04-07,50,2025-04-07,2028-04-07,3,active,1
sub_1RBMvXE2kujhweZx0ANY9IE8,cus_S5Y0NQND9wOgqq,metadata_updated,,,2025-04-07,2075-04-07,50,2025-04-07,2028-04-07,3,active,1
sub_1R8mKiE2kujhweZxGjDOS1EW,cus_S2s4PuiOXNeIzi,metadata_updated,,,2025-03-31,2075-03-31,50,2025-03-31,2028-03-31,3,active,1
sub_1R8mEhE2kujhweZxHtDF5L2Y,cus_S2rx00SWmqtTs2,metadata_updated,,,2025-03-31,2075-03-31,50,2025-03-31,2028-03-31,3,active,1
sub_1R8mBdE2kujhweZx9Mc5qULW,cus_S2ruwbd1w7q7NX,metadata_updated,,,2025-03-31,2075-03-31,50,2025-03-31,2028-03-31,3,active,1
sub_1R8m96E2kujhweZxNbnDuETr,cus_S2rrFZW0Ujed9x,metadata_updated,,,2025-03-31,2075-03-31,50,2025-03-31,2028-03-31,3,active,1
sub_1R8m4qE2kujhweZx80a1YcBg,cus_S2rnlbDly8gSJd,metadata_updated,,,2025-03-31,2075-03-31,50,2025-03-31,2028-03-31,3,active,1
sub_1R8m1uE2kujhweZxu6SPfZrw,cus_S2rkOUULyOkqxs,metadata_updated,,,2025-03-31,2075-03-31,50,2025-03-31,2028-03-31,3,active,1
sub_1R8lvqE2kujhweZxLpVuHjuR,cus_S2reSWgJBiwoa1,metadata_updated,,,2025-03-31,2075-03-31,50,2025-03-31,2028-03-31,3,active,1
sub_1R8lrkE2kujhweZxWKVqRcbW,cus_S2ra0jGVMCYfg5,metadata_updated,,,2025-03-31,2075-03-31,50,2025-03-31,2028-03-31,3,active,1
sub_1R8lDtE2kujhweZxpuBfYFvo,cus_S2quONVCPoCHOR,metadata_updated,,,2025-03-31,2075-03-31,50,2025-03-31,2028-03-31,3,active,1
sub_1R8lAIE2kujhweZxmMNlg0yt,cus_S2qryQbNodvaZu,metadata_updated,,,2025-03-31,2075-03-31,50,2025-03-31,2028-03-31,3,active,1
sub_1R8l7KE2kujhweZxSYzZ4QYG,cus_S2qnucwdXVAl6O,metadata_updated,,,2025-03-31,2075-03-31,50,2025-03-31,2028-03-31,3,active,1
sub_1R6ESKE2kujhweZxFvKEawZJ,cus_S0EvBxQOn0GTWu,metadata_updated,,,2025-03-24,2075-03-24,50,2025-03-24,2028-03-24,3,active,1
sub_1R6EONE2kujhweZxQrmLfzBf,cus_S0EquNKHrGQ3uB,metadata_updated,,,2025-03-24,2075-03-24,50,2025-03-24,2028-03-24,3,active,1
sub_1R6EKdE2kujhweZx2g7aA7JM,cus_S0EmH4zi5ogmEz,metadata_updated,,,2025-03-24,2075-03-24,50,2025-03-24,2028-03-24,3,active,1
sub_1R4qUfE2kujhweZxupHgSE6m,cus_Ryo6C3gWUQBNHj,metadata_updated,,,2025-03-20,2075-03-20,50,2025-03-20,2028-03-20,3,active,1
sub_1R1vCtE2kujhweZxLvMUy6IU,cus_Rvmlb2Thsnpz7h,metadata_updated,,,2025-03-12,2075-03-12,50,2025-03-12,2028-03-12,3,active,1
sub_1R1v9NE2kujhweZxL8Ekxdy9,cus_RvmiKrNEGaLAHP,metadata_updated,,,2025-03-12,2075-03-12,50,2025-03-12,2028-03-12,3,active,1
sub_1R1v4QE2kujhweZxbErdR0Nd,cus_RvmdA729uzRi5a,metadata_updated,,,2025-03-12,2075-03-12,50,2025-03-12,2028-03-12,3,active,1
sub_1R1v1kE2kujhweZxnpuYv2t0,cus_RvmZVgaxotK57i,metadata_updated,,,2025-03-12,2075-03-12,50,2025-03-12,2028-03-12,3,active,1
sub_1R1uyRE2kujhweZx0k1WE7U8,cus_RvmWDT3iA7ThET,metadata_updated,,,2025-03-12,2075-03-12,50,2025-03-12,2028-03-12,3,active,1
sub_1QyhCiE2kujhweZxXs6HDZDQ,cus_RsS69mlpqa72Sq,metadata_updated,,,2025-03-03,2075-03-03,50,2025-03-03,2028-03-03,3,active,1
sub_1QyhAFE2kujhweZxM3Mu1zhP,cus_RsS39DK43gfl5T,metadata_updated,,,2025-03-03,2075-03-03,50,2025-03-03,2028-03-03,3,active,1
sub_1Qyh6wE2kujhweZxCqvi0BF4,cus_RsS0ssrDvoZmJ0,metadata_updated,,,2025-03-03,2075-03-03,50,2025-03-03,2028-03-03,3,active,1
sub_1Qyh4LE2kujhweZxslGXgQdM,cus_RsRxT8hDzWcAkr,metadata_updated,,,2025-03-03,2075-03-03,50,2025-03-03,2028-03-03,3,active,1
sub_1Qyh1QE2kujhweZxqU2tPFHK,cus_RsRuGvEOgmscaX,metadata_updated,,,2025-03-03,2075-03-03,50,2025-03-03,2028-03-03,3,active,1
sub_1QygyRE2kujhweZxjrOOG8Np,cus_RsRrsCcqfod4RO,metadata_updated,,,2025-03-03,2075-03-03,50,2025-03-03,2028-03-03,3,active,1
sub_1QygwCE2kujhweZxDS37Ld7Y,cus_RsRpr1957gKFYe,metadata_updated,,,2025-03-03,2075-03-03,50,2025-03-03,2028-03-03,3,active,1
sub_1Qw9LHE2kujhweZxDl86neMA,cus_RpoyVKPjQrHtdv,metadata_updated,,,2025-02-24,2075-02-24,50,2025-02-24,2028-02-24,3,active,1
sub_1Qw9IbE2kujhweZxKyNwngGe,cus_RpovMKdUT8YNqi,metadata_updated,,,2025-02-24,2075-02-24,50,2025-02-24,2028-02-24,3,active,1
sub_1Qw9FzE2kujhweZx5O1gu2iS,cus_RposQ8qEeO3uFe,metadata_updated,,,2025-02-24,2075-02-24,50,2025-02-24,2028-02-24,3,active,1
sub_1Qw9DRE2kujhweZx6vDvfp90,cus_RpoqmmYoGCu7UJ,metadata_updated,,,2025-02-24,2075-02-24,50,2025-02-24,2028-02-24,3,active,1
sub_1Qw99qE2kujhweZxxRPFwTQn,cus_RpomGLHiXkAuEj,metadata_updated,,,2025-02-24,2075-02-24,50,2025-02-24,2028-02-24,3,active,1
sub_1Qw973E2kujhweZxzUiDpCrQ,cus_RpojynOnzTbPxF,metadata_updated,,,2025-02-24,2075-02-24,50,2025-02-24,2028-02-24,3,active,1
sub_1Qw94fE2kujhweZxdeGNsiGX,cus_RpohKXnbQDFTjp,metadata_updated,,,2025-02-24,2075-02-24,50,2025-02-24,2028-02-24,3,active,1
sub_1Qv1o8E2kujhweZx5lfikOHT,cus_Rof7fd071bv3u2,metadata_updated,,,2025-02-21,2075-02-21,50,2025-02-21,2028-02-21,3,active,1
sub_1Qv1kxE2kujhweZxfgx35B8L,cus_Rof3I6h4sYTcvZ,metadata_updated,,,2025-02-21,2075-02-21,50,2025-02-21,2028-02-21,3,active,1
sub_1Qv1eHE2kujhweZxB0uYzvB4,cus_RoevZ0zmrg7Qa4,metadata_updated,,,2025-02-21,2075-02-21,50,2025-02-21,2028-02-21,3,active,1
sub_1Qv1YlE2kujhweZxrDTwK8BY,cus_RoeqJsUt0VXI6l,metadata_updated,,,2025-02-21,2075-02-21,50,2025-02-21,2028-02-21,3,active,1
sub_1Qv1NIE2kujhweZxLMBoq2jX,cus_RoegA5aaIP2gB6,metadata_updated,,,2025-02-21,2075-02-21,50,2025-02-21,2028-02-21,3,active,1
sub_1Qv1LAE2kujhweZxLREp7Yxr,cus_Roedqt0lhiZ6wo,metadata_updated,,,2025-02-21,2075-02-21,50,2025-02-21,2028-02-21,3,active,1
sub_1Qv1IgE2kujhweZx6QuvIm78,cus_RoebUP7ORiaBqa,metadata_updated,,,2025-02-21,2075-02-21,50,2025-02-21,2028-02-21,3,active,1
sub_1QrhjHE2kujhweZx8dCOMFB3,cus_QkGgCrEeROCQW4,metadata_updated,,,2024-08-28,2074-08-28,50,2024-08-28,2027-08-28,3,active,1
sub_1QrLcsE2kujhweZxAbqa9zoT,cus_RkrJbgBKKqR9E9,metadata_updated,,,2025-02-11,2075-02-11,50,2025-02-11,2028-02-11,3,active,1
sub_1QoVEaE2kujhweZxefltrNGD,cus_Rhv34dkw59MYyH,metadata_updated,,,2025-02-03,2075-02-03,50,2025-02-03,2028-02-03,3,active,1
sub_1QoVBRE2kujhweZxoFedNGUm,cus_Rhv0axP5sBCJiv,metadata_updated,,,2025-02-03,2075-02-03,50,2025-02-03,2028-02-03,3,active,1
sub_1QoUtyE2kujhweZxIJLcdC0W,cus_Rhuh14UYeSWJg5,metadata_updated,,,2025-02-03,2075-02-03,50,2025-02-03,2028-02-03,3,active,1
sub_1QoUq2E2kujhweZxeDlCgTCR,cus_Rhue1BlKTDZkKN,metadata_updated,,,2025-02-03,2075-02-03,50,2025-02-03,2028-02-03,3,active,1
sub_1Qlve7E2kujhweZxNdbJwPHB,cus_RfG9qhkrwXydPQ,metadata_updated,,,2025-01-27,2075-01-27,50,2025-01-27,2028-01-27,3,active,1
sub_1QlvaxE2kujhweZxmrEbIngd,cus_RfG6PjLBz8n2L3,metadata_updated,,,2025-01-27,2075-01-27,50,2025-01-27,2028-01-27,3,active,1
sub_1QlvUcE2kujhweZxOzInMeXn,cus_RfG0if01m1oJ1n,metadata_updated,,,2025-01-27,2075-01-27,50,2025-01-27,2028-01-27,3,active,1
sub_1QjSvBE2kujhweZxQOtj5PwW,cus_RKMUSwyESXRk1e,metadata_updated,,,2024-12-02,2074-12-02,50,2024-12-02,2027-12-02,3,active,1
sub_1QjRo2E2kujhweZxj8H3cImc,cus_RchCjdxQdtx7xH,metadata_updated,,,2025-01-20,2075-01-20,50,2025-01-20,2028-01-20,3,active,1
sub_1QjRloE2kujhweZxX6SPmI1a,cus_Rch9jgkC1D0UwJ,metadata_updated,,,2025-01-20,2075-01-20,50,2025-01-20,2028-01-20,3,active,1
sub_1QjRiQE2kujhweZxM0b8KuXg,cus_Rch5q1NzNUnO6b,metadata_updated,,,2025-01-20,2075-01-20,50,2025-01-20,2028-01-20,3,active,1
sub_1QjRf0E2kujhweZxjRyj00jg,cus_RcgaHo2WO4w4Df,metadata_updated,,,2025-01-20,2075-01-20,50,2025-01-20,2028-01-20,3,active,1
sub_1QhlBjE2kujhweZxfFyEKcdW,cus_R2fhs5XdfAMQxa,metadata_updated,,,2024-10-16,2074-10-16,50,2024-10-16,2027-10-16,3,active,1
sub_1QZJR9E2kujhweZxZqtJlZyF,cus_RSDsNQaQjWAB8C,metadata_updated,,,2024-12-23,2074-12-23,50,2024-12-23,2027-12-23,3,active,1
sub_1QZJOyE2kujhweZxC4UZICwl,cus_RSDqvklqm1QppS,metadata_updated,,,2024-12-23,2074-12-23,50,2024-12-23,2027-12-23,3,active,1
sub_1QZJLPE2kujhweZx7yduk8RQ,cus_RSDmT1TvlM0rS2,metadata_updated,,,2024-12-23,2074-12-23,50,2024-12-23,2027-12-23,3,active,1
sub_1QZJFWE2kujhweZxGt8i7KxE,cus_RSDg3iJJV2uGjE,metadata_updated,,,2024-12-23,2074-12-23,50,2024-12-23,2027-12-23,3,active,1
sub_1QZJCeE2kujhweZxpJtwuRYj,cus_RSDdFRSfHTu4mr,metadata_updated,,,2024-12-23,2074-12-23,50,2024-12-23,2027-12-23,3,active,1
sub_1QZJ7pE2kujhweZxQrBh1xQy,cus_RSDYjHTFQ0ysoD,metadata_updated,,,2024-12-23,2074-12-23,50,2024-12-23,2027-12-23,3,active,1
sub_1QXsOTE2kujhweZxoDx1x4ji,cus_RQjrT7ajPUGZUT,metadata_updated,,,2024-12-19,2074-12-19,50,2024-12-19,2027-12-19,3,active,1
sub_1QXsMQE2kujhweZxoOAognv6,cus_RQjpj6jRNV3Wco,metadata_updated,,,2024-12-19,2074-12-19,50,2024-12-19,2027-12-19,3,active,1
sub_1QXsKRE2kujhweZxFz3ecKam,cus_RQjmwX78BjEsIq,metadata_updated,,,2024-12-19,2074-12-19,50,2024-12-19,2027-12-19,3,active,1
sub_1QXsHaE2kujhweZxl1XeGpja,cus_RQjkLp5xkOL6kS,metadata_updated,,,2024-12-19,2074-12-19,50,2024-12-19,2027-12-19,3,active,1
sub_1QXsEDE2kujhweZxrELhIkp9,cus_RQjgORudsGXnoo,metadata_updated,,,2024-12-19,2074-12-19,50,2024-12-19,2027-12-19,3,active,1
sub_1QUEeRE2kujhweZxv07u1GbI,cus_RMybLmq6zQBu0J,metadata_updated,,,2024-12-09,2074-12-09,50,2024-12-09,2027-12-09,3,active,1
sub_1QUEbRE2kujhweZxtBSgYjsR,cus_RMyX3Xs6yDA8aN,metadata_updated,,,2024-12-09,2074-12-09,50,2024-12-09,2027-12-09,3,active,1
sub_1QUEXuE2kujhweZxcbgLSKzl,cus_RMyUwZfVsnM4pj,metadata_updated,,,2024-12-09,2074-12-09,50,2024-12-09,2027-12-09,3,active,1
sub_1QUEUtE2kujhweZxBJtZ5or6,cus_RMyQ8vrxYgWZGp,metadata_updated,,,2024-12-09,2074-12-09,50,2024-12-09,2027-12-09,3,active,1
sub_1QUERME2kujhweZxf0CIkYiU,cus_RMyN96V0twSf3r,metadata_updated,,,2024-12-09,2074-12-09,50,2024-12-09,2027-12-09,3,active,1
sub_1QRhw6E2kujhweZxOkpS3RXt,cus_RKMe8Dm9HC3Ygm,metadata_updated,,,2024-12-02,2074-12-02,50,2024-12-02,2027-12-02,3,active,1
sub_1QRht2E2kujhweZxsNipVcls,cus_RKMbaRIB77WeLY,metadata_updated,,,2024-12-02,2074-12-02,50,2024-12-02,2027-12-02,3,active,1
sub_1QRhpdE2kujhweZxYrN6DrBk,cus_RKMY8aivxXV40L,metadata_updated,,,2024-12-02,2074-12-02,50,2024-12-02,2027-12-02,3,active,1
sub_1QRhjjE2kujhweZxJ9oEhipe,cus_RKMRKCre3YXgtB,metadata_updated,,,2024-12-02,2074-12-02,50,2024-12-02,2027-12-02,3,active,1
sub_1QRhc1E2kujhweZx9lSWawxE,cus_RKMJoQB6cGXSee,metadata_updated,,,2024-12-02,2074-12-02,50,2024-12-02,2027-12-02,3,active,1
sub_1QRhZ1E2kujhweZxrhDQghGJ,cus_RKMGUvh1M14B4n,metadata_updated,,,2024-12-02,2074-12-02,50,2024-12-02,2027-12-02,3,active,1
sub_1QRhWWE2kujhweZxJPMeInwJ,cus_RKMEzSsdKOPvky,metadata_updated,,,2024-12-02,2074-12-02,50,2024-12-02,2027-12-02,3,active,1
sub_1QRhTQE2kujhweZxTWE3XSJe,cus_RKMBrocvAu6lCZ,metadata_updated,,,2024-12-02,2074-12-02,50,2024-12-02,2027-12-02,3,active,1
sub_1QRhQEE2kujhweZxhqFzGPOW,cus_RKM6JqzKEnFDHi,metadata_updated,,,2024-12-02,2074-12-02,50,2024-12-02,2027-12-02,3,active,1
sub_1QP4L6E2kujhweZxuIvegakh,cus_RHdbrkHfOiLe5R,metadata_updated,,,2024-11-25,2074-11-25,50,2024-11-25,2027-11-25,3,active,1
sub_1QP4IaE2kujhweZxxQvPP4Up,cus_RHdYmD9KGzrAM7,metadata_updated,,,2024-11-25,2074-11-25,50,2024-11-25,2027-11-25,3,active,1
sub_1QP4FeE2kujhweZxysMCODCX,cus_RHdVTSNRIibLtF,metadata_updated,,,2024-11-25,2074-11-25,50,2024-11-25,2027-11-25,3,active,1
sub_1QP4CDE2kujhweZxG5U0Jjk3,cus_RHdSVKMumrsisj,metadata_updated,,,2024-11-25,2074-11-25,50,2024-11-25,2027-11-25,3,active,1
sub_1QP480E2kujhweZxXn9WR8DN,cus_RHdNOGOwXUn46A,metadata_updated,,,2024-11-25,2074-11-25,50,2024-11-25,2027-11-25,3,active,1
sub_1QMynTE2kujhweZxQpWHeK50,cus_RFTjtN0uNXjBdR,metadata_updated,,,2024-11-19,2074-11-19,50,2024-11-19,2027-11-19,3,active,1
sub_1QMymuE2kujhweZxhljrr0y9,cus_RFTgXEmYK1wsBa,metadata_updated,,,2024-11-19,2074-11-19,50,2024-11-19,2027-11-19,3,active,1
sub_1QMxwzE2kujhweZxvgyrmqHh,cus_RFSmoRBnvmzed8,metadata_updated,,,2024-11-19,2074-11-19,50,2024-11-19,2027-11-19,3,active,1
sub_1QMxvGE2kujhweZx8QPnPJVo,cus_RFShiGKyJ2rRXZ,metadata_updated,,,2024-11-19,2074-11-19,50,2024-11-19,2027-11-19,3,active,1
sub_1QMxeyE2kujhweZxcxSvJWeh,cus_RFSQoGdn1z9v8i,metadata_updated,,,2024-11-19,2074-11-19,50,2024-11-19,2027-11-19,3,active,1
sub_1QMxHNE2kujhweZxCplRZtyI,cus_RFS6KyZozi8ZiQ,metadata_updated,,,2024-11-19,2074-11-19,50,2024-11-19,2027-11-19,3,active,1
sub_1QMxG3E2kujhweZxPl7RBBxW,cus_RFRzrBqqYeldZ1,metadata_updated,,,2024-11-19,2074-11-19,50,2024-11-19,2027-11-19,3,active,1
sub_1QKolBE2kujhweZxKmVpD31b,cus_QhMs8bFhR0kQFV,metadata_updated,,,2024-08-20,2074-08-20,50,2024-08-20,2027-08-20,3,active,1
sub_1QKoKOE2kujhweZxNQKrKBTy,cus_QPlm9emZfC2aF9,metadata_updated,,,2024-07-04,2074-07-04,50,2024-07-04,2027-07-04,3,active,1
sub_1QK3puE2kujhweZxShIQ5pod,cus_RCSg7b708ABtzs,metadata_updated,,,2024-11-11,2074-11-11,50,2024-11-11,2027-11-11,3,active,1
sub_1QHq9DE2kujhweZxp8YHzn9h,cus_RAAO7jpvXmVwAk,metadata_updated,,,2024-11-05,2074-11-05,50,2024-11-05,2027-11-05,3,active,1
sub_1QHq6eE2kujhweZxzsLAGG2l,cus_RAAK9LkyPPBrLE,metadata_updated,,,2024-11-05,2074-11-05,50,2024-11-05,2027-11-05,3,active,1
sub_1QHq4GE2kujhweZxn602QqLF,cus_RAAHQ6wEChoszl,metadata_updated,,,2024-11-05,2074-11-05,50,2024-11-05,2027-11-05,3,active,1
sub_1QHpv3E2kujhweZxFcMjOqHz,cus_RAACorWrDulPbS,metadata_updated,,,2024-11-05,2074-11-05,50,2024-11-05,2027-11-05,3,active,1
sub_1QFGMyE2kujhweZxEKuQhWMd,cus_R7VNqF4BLJZKEk,metadata_updated,,,2024-10-29,2074-10-29,50,2024-10-29,2027-10-29,3,active,1
sub_1QFGKBE2kujhweZxsMgySQ7d,cus_R7VKxdZioyo9Wj,metadata_updated,,,2024-10-29,2074-10-29,50,2024-10-29,2027-10-29,3,active,1
sub_1QFGHCE2kujhweZx4aNGlAFd,cus_R7VFuuhyKz8nZa,metadata_updated,,,2024-10-29,2074-10-29,50,2024-10-29,2027-10-29,3,active,1
sub_1QFGGWE2kujhweZxX2U2kAK5,cus_R7VDI8KbeKMcUB,metadata_updated,,,2024-10-29,2074-10-29,50,2024-10-29,2027-10-29,3,active,1
sub_1QD5VZE2kujhweZxLqluje9l,cus_R5G0a8ogsB1FC0,metadata_updated,,,2024-10-23,2074-10-23,50,2024-10-23,2027-10-23,3,active,1
sub_1QD5TBE2kujhweZxStRoUkrO,cus_R5FybAfkYyf9pb,metadata_updated,,,2024-10-23,2074-10-23,50,2024-10-23,2027-10-23,3,active,1
sub_1QD5PYE2kujhweZxHULwzBaq,cus_R5FuUUPlLlsWWS,metadata_updated,,,2024-10-23,2074-10-23,50,2024-10-23,2027-10-23,3,active,1
sub_1QD5MqE2kujhweZxqRxswTlB,cus_R5FskB0clO6e8v,metadata_updated,,,2024-10-23,2074-10-23,50,2024-10-23,2027-10-23,3,active,1
sub_1QD5KQE2kujhweZxYjbvVOow,cus_R5FpnaGSFvOYm0,metadata_updated,,,2024-10-23,2074-10-23,50,2024-10-23,2027-10-23,3,active,1
sub_1QBL8GE2kujhweZxagt62gto,cus_R3QUtV8uY9T0MC,metadata_updated,,,2024-10-18,2074-10-18,50,2024-10-18,2027-10-18,3,active,1
sub_1QBL7dE2kujhweZx87fQydtq,cus_R3QRAO8xOC3F06,metadata_updated,,,2024-10-18,2074-10-18,50,2024-10-18,2027-10-18,3,active,1
sub_1QBL6WE2kujhweZxLrTjsOAl,cus_R3QH1pp7XWtQQr,metadata_updated,,,2024-10-18,2074-10-18,50,2024-10-18,2027-10-18,3,active,1
sub_1QBL5WE2kujhweZxweOVvQ2y,cus_R3QEczqNd5p6TX,metadata_updated,,,2024-10-18,2074-10-18,50,2024-10-18,2027-10-18,3,active,1
sub_1QBL4XE2kujhweZxD6jML3vj,cus_R3Q8Sa9drWLNnx,metadata_updated,,,2024-10-18,2074-10-18,50,2024-10-18,2027-10-18,3,active,1
sub_1QAaWOE2kujhweZxpPK38z4n,cus_R2frlMzz3bUYXH,metadata_updated,,,2024-10-16,2074-10-16,50,2024-10-16,2027-10-16,3,active,1
sub_1QAaUUE2kujhweZxGOh0OC2e,cus_R2fpJXd7Lwh5FF,metadata_updated,,,2024-10-16,2074-10-16,50,2024-10-16,2027-10-16,3,active,1
sub_1QAaSmE2kujhweZxlKgImXaD,cus_R2foMs1JklRY0I,metadata_updated,,,2024-10-16,2074-10-16,50,2024-10-16,2027-10-16,3,active,1
sub_1QAaQfE2kujhweZxeYa2wdPx,cus_R2flAUwbzmKfsA,metadata_updated,,,2024-10-16,2074-10-16,50,2024-10-16,2027-10-16,3,active,1
sub_1QAaOhE2kujhweZx8NfB5Tn1,cus_R2fjM3qaHX6UgL,metadata_updated,,,2024-10-16,2074-10-16,50,2024-10-16,2027-10-16,3,active,1
sub_1QAaKlE2kujhweZxeew0KqTt,cus_R2ffRBztGEyxTw,metadata_updated,,,2024-10-16,2074-10-16,50,2024-10-16,2027-10-16,3,active,1
sub_1QAaIQE2kujhweZxbdvoSBm5,cus_R2fdRAOAGCy7DM,metadata_updated,,,2024-10-16,2074-10-16,50,2024-10-16,2027-10-16,3,active,1
sub_1QAaGUE2kujhweZxH2ZNGBx6,cus_R2fbTXjWHCsvu6,metadata_updated,,,2024-10-16,2074-10-16,50,2024-10-16,2027-10-16,3,active,1
sub_1QAaEIE2kujhweZx4ibsbvNz,cus_R2fYt98B8qi98e,metadata_updated,,,2024-10-16,2074-10-16,50,2024-10-16,2027-10-16,3,active,1
sub_1QAaBeE2kujhweZxG00CFd7N,cus_R2fWcOQPvFtRts,metadata_updated,,,2024-10-16,2074-10-16,50,2024-10-16,2027-10-16,3,active,1
sub_1QAa91E2kujhweZxHZvbBYfD,cus_R2fTC1G2v0dJIG,metadata_updated,,,2024-10-16,2074-10-16,50,2024-10-16,2027-10-16,3,active,1
sub_1QAa6LE2kujhweZxRZ93639L,cus_R2fQUDErJP2R9t,metadata_updated,,,2024-10-16,2074-10-16,50,2024-10-16,2027-10-16,3,active,1
sub_1QAa2jE2kujhweZxZI69iZ2k,cus_R2fMm6MJkokXcL,metadata_updated,,,2024-10-16,2074-10-16,50,2024-10-16,2027-10-16,3,active,1
sub_1PxsucE2kujhweZx7TKz270r,cus_QpY0yM2BtcsLKo,metadata_updated,,,2024-09-11,2074-09-11,50,2024-09-11,2027-09-11,3,active,1
sub_1Pxsr7E2kujhweZx4yOkPQiT,cus_QpXwl8LxX7sDd4,metadata_updated,,,2024-09-11,2074-09-11,50,2024-09-11,2027-09-11,3,active,1
sub_1PxsjeE2kujhweZxpu62QQO0,cus_QpXoJagb5m7T9h,metadata_updated,,,2024-09-11,2074-09-11,50,2024-09-11,2027-09-11,3,active,1
sub_1PxsfnE2kujhweZxCn27qh8F,cus_QpXjKTX9v1HXy4,metadata_updated,,,2024-09-11,2074-09-11,50,2024-09-11,2027-09-11,3,active,1
sub_1PxsaQE2kujhweZxwqDk02EV,cus_QpXehw7ZXy3sQL,metadata_updated,,,2024-09-11,2074-09-11,50,2024-09-11,2027-09-11,3,active,1
sub_1PxsMXE2kujhweZxxEDrLF6J,cus_QpXP5phhVtcpZ7,metadata_updated,,,2024-09-11,2074-09-11,50,2024-09-11,2027-09-11,3,active,1
sub_1PvLX5E2kujhweZxQgwbYY5K,cus_QmvNVTr8WE280F,metadata_updated,,,2024-09-04,2074-09-04,50,2024-09-04,2027-09-04,3,active,1
sub_1PvLUuE2kujhweZxPFCTZK3P,cus_QmvKRLiiXHcdQb,metadata_updated,,,2024-09-04,2074-09-04,50,2024-09-04,2027-09-04,3,active,1
sub_1PvLQaE2kujhweZxQKCSxaSe,cus_QmvGlSWlSobLFs,metadata_updated,,,2024-09-04,2074-09-04,50,2024-09-04,2027-09-04,3,active,1
sub_1PvLNgE2kujhweZx3jFgP3hV,cus_QmvCjOogrzT3uJ,metadata_updated,,,2024-09-04,2074-09-04,50,2024-09-04,2027-09-04,3,active,1
sub_1PvLJ9E2kujhweZxPDQ15Myn,cus_Qmv8hfX49rqj0V,metadata_updated,,,2024-09-04,2074-09-04,50,2024-09-04,2027-09-04,3,active,1
sub_1PsmD6E2kujhweZxcfOoBkN6,cus_QkGk6oka9m7qsK,metadata_updated,,,2024-08-28,2074-08-28,50,2024-08-28,2027-08-28,3,active,1
sub_1Psm6tE2kujhweZxFheEHrZs,cus_QkGdsjRMElJ2aw,metadata_updated,,,2024-08-28,2074-08-28,50,2024-08-28,2027-08-28,3,active,1
sub_1Psm4PE2kujhweZxkbGmvsWk,cus_QkGaSmiGpIGGth,metadata_updated,,,2024-08-28,2074-08-28,50,2024-08-28,2027-08-28,3,active,1
sub_1Psm18E2kujhweZxYbrqNoqN,cus_QkGXXn2Jh5AWVr,metadata_updated,,,2024-08-28,2074-08-28,50,2024-08-28,2027-08-28,3,active,1
sub_1PpyHNE2kujhweZxvVoT1spM,cus_QhN0cnmPSCwmnm,metadata_updated,,,2024-08-20,2074-08-20,50,2024-08-20,2027-08-20,3,active,1
sub_1Ppy5iE2kujhweZxXFgOs0Rf,cus_QhMoPIdUFwMFqs,metadata_updated,,,2024-08-20,2074-08-20,50,2024-08-20,2027-08-20,3,active,1
sub_1PnnrQE2kujhweZxK76ZIIy2,cus_Qf86bBx53oLVvT,metadata_updated,,,2024-08-14,2074-08-14,50,2024-08-14,2027-08-14,3,active,1
sub_1PlBPwE2kujhweZxY9HNhFCq,cus_QcQ9vM7FlNWmH8,metadata_updated,,,2024-08-07,2074-08-07,50,2024-08-07,2027-08-07,3,active,1
sub_1PlBOrE2kujhweZxSrlPSg8W,cus_QcQ6V1jV8vFFls,metadata_updated,,,2024-08-07,2074-08-07,50,2024-08-07,2027-08-07,3,active,1
sub_1PlBOME2kujhweZxQRg14gZ0,cus_QcQ31zqa23iKmp,metadata_updated,,,2024-08-07,2074-08-07,50,2024-08-07,2027-08-07,3,active,1
sub_1PlBNUE2kujhweZxSDjW0n4C,cus_QcPxWvMQHVPgga,metadata_updated,,,2024-08-07,2074-08-07,50,2024-08-07,2027-08-07,3,active,1
sub_1PizIwE2kujhweZxWQxarcpc,cus_QZmRHDLySswwdF,metadata_updated,,,2024-07-31,2074-07-31,50,2024-07-31,2027-07-31,3,active,1
sub_1PizHsE2kujhweZxY5Ol6uPQ,cus_QZmToVaUu1byXi,metadata_updated,,,2024-07-31,2074-07-31,50,2024-07-31,2027-07-31,3,active,1
sub_1PizG6E2kujhweZxiwghjW2p,cus_QZmYG0lndwNCPH,metadata_updated,,,2024-07-31,2074-07-31,50,2024-07-31,2027-07-31,3,active,1
sub_1PizF1E2kujhweZx4OF9rque,cus_QZmZjdQTsTkYUC,metadata_updated,,,2024-07-31,2074-07-31,50,2024-07-31,2027-07-31,3,active,1
sub_1PizEOE2kujhweZxNW6RVpVi,cus_QZmcrAQj5vhz7w,metadata_updated,,,2024-07-31,2074-07-31,50,2024-07-31,2027-07-31,3,active,1
sub_1PizDeE2kujhweZxMSTnjxfY,cus_QZmeky4mTnAh1H,metadata_updated,,,2024-07-31,2074-07-31,50,2024-07-31,2027-07-31,3,active,1
sub_1PizCuE2kujhweZxECnTaK8J,cus_QZmgOsW9ZjKKrE,metadata_updated,,,2024-07-31,2074-07-31,50,2024-07-31,2027-07-31,3,active,1
sub_1PfOORE2kujhweZxNIScN0Ps,cus_QWR5NMDwvYCGHv,metadata_updated,,,2024-07-22,2074-07-22,50,2024-07-22,2027-07-22,3,active,1
sub_1PfONhE2kujhweZx3ZSbg5sv,cus_QWR2WgR4QpW2Xh,metadata_updated,,,2024-07-22,2074-07-22,50,2024-07-22,2027-07-22,3,active,1
sub_1PfOMTE2kujhweZx2l2qLPkM,cus_QWR0yXlBx6zIlh,metadata_updated,,,2024-07-22,2074-07-22,50,2024-07-22,2027-07-22,3,active,1
sub_1PfOLyE2kujhweZxj1Vwxi2F,cus_QWQwUOrkbAcl4j,metadata_updated,,,2024-07-22,2074-07-22,50,2024-07-22,2027-07-22,3,active,1
sub_1PfOLIE2kujhweZxa9btPpU4,cus_QWQtjQnorOhJOv,metadata_updated,,,2024-07-22,2074-07-22,50,2024-07-22,2027-07-22,3,active,1
sub_1PfOKQE2kujhweZxqyUw9tZo,cus_QWQpEutlK8klaX,metadata_updated,,,2024-07-22,2074-07-22,50,2024-07-22,2027-07-22,3,active,1
sub_1PfOJME2kujhweZx7CYf4dEt,cus_QWQmtOVX0LhEiq,metadata_updated,,,2024-07-22,2074-07-22,50,2024-07-22,2027-07-22,3,active,1
sub_1PfOIKE2kujhweZxjfJcpFRk,cus_QWQkOao1DgNMwr,metadata_updated,,,2024-07-22,2074-07-22,50,2024-07-22,2027-07-22,3,active,1
sub_1PfOHNE2kujhweZxuk3zOXxF,cus_QWQgFOrurIZ0xL,metadata_updated,,,2024-07-22,2074-07-22,50,2024-07-22,2027-07-22,3,active,1
sub_1PbTJSE2kujhweZxD1jssPrH,cus_QRarYOCUWfT01d,metadata_updated,,,2024-07-09,2074-07-09,50,2024-07-09,2027-07-09,3,active,1
sub_1PbTIwE2kujhweZxEHXmMWPf,cus_QRaohbnumHYYDS,metadata_updated,,,2024-07-09,2074-07-09,50,2024-07-09,2027-07-09,3,active,1
sub_1PbTGME2kujhweZxsBzSpdXA,cus_QPliPoGmMVnl1U,metadata_updated,,,2024-07-04,2074-07-04,50,2024-07-04,2027-07-04,3,active,1
sub_1PbTFfE2kujhweZxvwcNESrc,cus_QPlgw1i3HecxJa,metadata_updated,,,2024-07-04,2074-07-04,50,2024-07-04,2027-07-04,3,active,1
sub_1PbTCVE2kujhweZxf9YTLAVZ,cus_QPldxUZg5bnwBl,metadata_updated,,,2024-07-04,2074-07-04,50,2024-07-04,2027-07-04,3,active,1
sub_1PY7MQE2kujhweZxuITBOIUJ,cus_QMfoJ5AgatBnpH,metadata_updated,,,2024-06-26,2074-06-26,50,2024-06-26,2027-06-26,3,active,1
sub_1PY7LhE2kujhweZxdPFQbCzt,cus_QMfnsNjtUsMxwT,metadata_updated,,,2024-06-26,2074-06-26,50,2024-06-26,2027-06-26,3,active,1
sub_1PY7L5E2kujhweZxIgquV4ue,cus_QMfkWzBpL3H36G,metadata_updated,,,2024-06-26,2074-06-26,50,2024-06-26,2027-06-26,3,active,1
sub_1PY7KSE2kujhweZxosRjXB3h,cus_QMfinGYxbBD903,metadata_updated,,,2024-06-26,2074-06-26,50,2024-06-26,2027-06-26,3,active,1
sub_1PY7JyE2kujhweZx93HWYfuR,cus_QMfh1UAblrHtOn,metadata_updated,,,2024-06-26,2074-06-26,50,2024-06-26,2027-06-26,3,active,1
sub_1PY7JXE2kujhweZxhTo07qej,cus_QMffyWfIdG8Ue3,metadata_updated,,,2024-06-26,2074-06-26,50,2024-06-26,2027-06-26,3,active,1
sub_1PY7IzE2kujhweZxphHNDOfA,cus_QMfdhSfaGNWA6Z,metadata_updated,,,2024-06-26,2074-06-26,50,2024-06-26,2027-06-26,3,active,1
sub_1PY7IaE2kujhweZxcckYrosj,cus_QMfaFsQxnlW9Li,metadata_updated,,,2024-06-26,2074-06-26,50,2024-06-26,2027-06-26,3,active,1
sub_1PY7I9E2kujhweZxkJr946w6,cus_QMfXYbr7EVPWaP,metadata_updated,,,2024-06-26,2074-06-26,50,2024-06-26,2027-06-26,3,active,1
sub_1PY7HmE2kujhweZxa15gzFzM,cus_QMfVUyA5UOKS2Q,metadata_updated,,,2024-06-26,2074-06-26,50,2024-06-26,2027-06-26,3,active,1
sub_1PY7HKE2kujhweZxxyc1GRi5,cus_QMfTg9EQ9FlSlx,metadata_updated,,,2024-06-26,2074-06-26,50,2024-06-26,2027-06-26,3,active,1
sub_1PY7GqE2kujhweZxLxkqF2kB,cus_QMfRtvjNjhnKN3,metadata_updated,,,2024-06-26,2074-06-26,50,2024-06-26,2027-06-26,3,active,1
sub_1PY7DvE2kujhweZxjM6gSE2m,cus_QMfPTgKk1P3QJJ,metadata_updated,,,2024-06-26,2074-06-26,50,2024-06-26,2027-06-26,3,active,1
sub_1PY7C7E2kujhweZxQlBl8Qfo,cus_QMfMiG70jtzeHM,metadata_updated,,,2024-06-26,2074-06-26,50,2024-06-26,2027-06-26,3,active,1
sub_1PY7ACE2kujhweZx0XM88nj1,cus_QMfFsCRUJGXjll,metadata_updated,,,2024-06-26,2074-06-26,50,2024-06-26,2027-06-26,3,active,1
sub_1PY79jE2kujhweZxiExvPRhM,cus_QMfC3a75j3QxC0,metadata_updated,,,2024-06-26,2074-06-26,50,2024-06-26,2027-06-26,3,active,1
sub_1PY79AE2kujhweZxowEUqcbI,cus_QMfATtYolm66vh,metadata_updated,,,2024-06-26,2074-06-26,50,2024-06-26,2027-06-26,3,active,1
sub_1PY78NE2kujhweZxh52Wr11b,cus_QMf7k4lCWFoR56,metadata_updated,,,2024-06-26,2074-06-26,50,2024-06-26,2027-06-26,3,active,1
sub_1PY77kE2kujhweZxC52AxFXK,cus_QMf3D63kNbmuTN,metadata_updated,,,2024-06-26,2074-06-26,50,2024-06-26,2027-06-26,3,active,1
sub_1PY77CE2kujhweZxYQDDNVHr,cus_QMezzSE6vQn1uL,metadata_updated,,,2024-06-26,2074-06-26,50,2024-06-26,2027-06-26,3,active,1
sub_1PY76iE2kujhweZxUmZOzxuX,cus_QMexjDTaVgUMrl,metadata_updated,,,2024-06-26,2074-06-26,50,2024-06-26,2027-06-26,3,active,1
sub_1PY75JE2kujhweZxHLELiLDe,cus_QMevt3Uv7mEmYI,metadata_updated,,,2024-06-26,2074-06-26,50,2024-06-26,2027-06-26,3,active,1
sub_1PY73hE2kujhweZxNLai92YW,cus_QMenP1mnrzi0AK,metadata_updated,,,2024-06-26,2074-06-26,50,2024-06-26,2027-06-26,3,active,1
sub_1PY72qE2kujhweZx8r6ILCbn,cus_QMPSpCNfVJFwXM,metadata_updated,,,2024-06-25,2074-06-25,50,2024-06-25,2027-06-25,3,active,1
sub_1PY725E2kujhweZxOxZtPfqy,cus_QMPOXrHGwtrBfa,metadata_updated,,,2024-06-25,2074-06-25,50,2024-06-25,2027-06-25,3,active,1
sub_1PY6zvE2kujhweZxieH3cehf,cus_QMPKq8wqyOxCs6,metadata_updated,,,2024-06-25,2074-06-25,50,2024-06-25,2027-06-25,3,active,1
sub_1PY6zEE2kujhweZxvW7Nvn4r,cus_QMPHVIxvUh6hcr,metadata_updated,,,2024-06-25,2074-06-25,50,2024-06-25,2027-06-25,3,active,1
sub_1PY6yGE2kujhweZxoO64S6bw,cus_QMPFpKqbaRWhLT,metadata_updated,,,2024-06-25,2074-06-25,50,2024-06-25,2027-06-25,3,active,1
sub_1PY6v1E2kujhweZxeaJYzMuV,cus_QMPDC0lOyZs0n6,metadata_updated,,,2024-06-25,2074-06-25,50,2024-06-25,2027-06-25,3,active,1
sub_1PY6szE2kujhweZxW51auwEh,cus_QMP190Qcd56trl,metadata_updated,,,2024-06-25,2074-06-25,50,2024-06-25,2027-06-25,3,active,1
sub_1PY6rfE2kujhweZx4hYlQ5u5,cus_QMOyveNYEflyUm,metadata_updated,,,2024-06-25,2074-06-25,50,2024-06-25,2027-06-25,3,active,1
